File name, Expose DP comm, Expose DP_EP comm, Expose TP comm, Expose_EP_comm, Expose_PP_comm, bubble time, total comp, total exposed comm, Total time
test1, 2568206 (68.68%), 0 (0.00%), 44672 (1.19%), 181101 (4.84%), 0 (0.00%), 0 (0.00%), 1 (0.00%), 3739228 (100.00%), 3739230
layer_name,test1,fwd compute,wg compute,ig compute,fwd exposed comm,wg exposed comm,ig exposed comm,fwd total comm,algbw,busbw,wg total comm,algbw,busbw,ig total comm,algbw,busbw,workload finished at
grad_norm,test1,0.001000,0.001000,0.001000,25988.510000,2568205.859000,0.000000,25988.510000,639.762146,319.881073,2568205.860000,12.947922,12.543299,0.000000,-nan,0.000000,3739229.867000
moe_grad_norm1,test1,0.001000,0.001000,0.001000,0.000000,0.000000,0.000000,0.000000,-nan,0.000000,3513454.303000,3.984683,2.988512,0.000000,-nan,0.000000,3739229.867000
moe_grad_norm2,test1,0.001000,0.001000,0.001000,0.000000,0.000000,0.000000,0.000000,-nan,0.000000,1890484.996000,14.811014,11.108261,0.000000,-nan,0.000000,3739229.867000
embedding_layer,test1,0.001000,0.001000,0.001000,0.000000,0.000000,0.000000,0.000000,inf,0.000000,0.000000,-nan,0.000000,0.000000,inf,0.000000,3739229.867000
attention_column,test1,0.001000,0.001000,0.001000,27.580000,0.000000,0.000000,27.580000,566.533691,283.266846,0.000000,-nan,0.000000,0.000000,-nan,0.000000,3739229.867000
attention_row,test1,0.001000,0.001000,0.001000,27.580000,0.000000,0.000000,27.580000,566.533691,283.266846,0.000000,-nan,0.000000,0.000000,inf,0.000000,3739229.867000
mlp_moelayer,test1,0.001000,0.001000,0.001000,3.184000,0.000000,0.000000,3.184000,1.198083,0.599042,0.000000,-nan,0.000000,0.000000,-nan,0.000000,3739229.867000
mlp_moelayer,test1,0.001000,0.001000,0.001000,707.424000,0.000000,707.424000,707.424000,22.087179,19.326283,0.000000,-nan,0.000000,707.424000,22.087179,19.326283,3739229.867000
mlp_moelayer,test1,0.001000,0.001000,0.001000,52.000000,0.000000,52.000000,52.000000,600.961548,300.480774,0.000000,-nan,0.000000,52.000000,600.961548,300.480774,3739229.867000
mlp_moelayer,test1,0.001000,0.001000,0.001000,52.000000,0.000000,52.000000,52.000000,600.961548,300.480774,0.000000,-nan,0.000000,52.000000,600.961548,300.480774,3739229.867000
mlp_moelayer,test1,0.001000,0.001000,0.001000,707.424000,0.000000,707.424000,707.424000,22.087179,19.326283,0.000000,-nan,0.000000,707.424000,22.087179,19.326283,3739229.867000
attention_column,test1,0.001000,0.001000,0.001000,27.580000,0.000000,0.000000,27.580000,566.533691,283.266846,0.000000,-nan,0.000000,0.000000,-nan,0.000000,3739229.867000
attention_row,test1,0.001000,0.001000,0.001000,27.580000,0.000000,0.000000,27.580000,566.533691,283.266846,0.000000,-nan,0.000000,0.000000,inf,0.000000,3739229.867000
mlp_moelayer,test1,0.001000,0.001000,0.001000,3.184000,0.000000,0.000000,3.184000,1.198083,0.599042,0.000000,-nan,0.000000,0.000000,-nan,0.000000,3739229.867000
mlp_moelayer,test1,0.001000,0.001000,0.001000,707.424000,0.000000,707.424000,707.424000,22.087179,19.326283,0.000000,-nan,0.000000,707.424000,22.087179,19.326283,3739229.867000
mlp_moelayer,test1,0.001000,0.001000,0.001000,52.000000,0.000000,52.000000,52.000000,600.961548,300.480774,0.000000,-nan,0.000000,52.000000,600.961548,300.480774,3739229.867000
mlp_moelayer,test1,0.001000,0.001000,0.001000,52.000000,0.000000,52.000000,52.000000,600.961548,300.480774,0.000000,-nan,0.000000,52.000000,600.961548,300.480774,3739229.867000
mlp_moelayer,test1,0.001000,0.001000,0.001000,707.424000,0.000000,707.424000,707.424000,22.087179,19.326283,0.000000,-nan,0.000000,707.424000,22.087179,19.326283,3739229.867000
attention_column,test1,0.001000,0.001000,0.001000,27.580000,0.000000,0.000000,27.580000,566.533691,283.266846,0.000000,-nan,0.000000,0.000000,-nan,0.000000,3739229.867000
attention_row,test1,0.001000,0.001000,0.001000,27.580000,0.000000,0.000000,27.580000,566.533691,283.266846,0.000000,-nan,0.000000,0.000000,inf,0.000000,3739229.867000
mlp_moelayer,test1,0.001000,0.001000,0.001000,3.184000,0.000000,0.000000,3.184000,1.198083,0.599042,0.000000,-nan,0.000000,0.000000,-nan,0.000000,3739229.867000
mlp_moelayer,test1,0.001000,0.001000,0.001000,707.424000,0.000000,707.424000,707.424000,22.087179,19.326283,0.000000,-nan,0.000000,707.424000,22.087179,19.326283,3739229.867000
mlp_moelayer,test1,0.001000,0.001000,0.001000,52.000000,0.000000,52.000000,52.000000,600.961548,300.480774,0.000000,-nan,0.000000,52.000000,600.961548,300.480774,3739229.867000
mlp_moelayer,test1,0.001000,0.001000,0.001000,52.000000,0.000000,52.000000,52.000000,600.961548,300.480774,0.000000,-nan,0.000000,52.000000,600.961548,300.480774,3739229.867000
mlp_moelayer,test1,0.001000,0.001000,0.001000,707.424000,0.000000,707.424000,707.424000,22.087179,19.326283,0.000000,-nan,0.000000,707.424000,22.087179,19.326283,3739229.867000
attention_column,test1,0.001000,0.001000,0.001000,27.580000,0.000000,0.000000,27.580000,566.533691,283.266846,0.000000,-nan,0.000000,0.000000,-nan,0.000000,3739229.867000
attention_row,test1,0.001000,0.001000,0.001000,27.580000,0.000000,0.000000,27.580000,566.533691,283.266846,0.000000,-nan,0.000000,0.000000,inf,0.000000,3739229.867000
mlp_moelayer,test1,0.001000,0.001000,0.001000,3.184000,0.000000,0.000000,3.184000,1.198083,0.599042,0.000000,-nan,0.000000,0.000000,-nan,0.000000,3739229.867000
mlp_moelayer,test1,0.001000,0.001000,0.001000,707.424000,0.000000,707.424000,707.424000,22.087179,19.326283,0.000000,-nan,0.000000,707.424000,22.087179,19.326283,3739229.867000
mlp_moelayer,test1,0.001000,0.001000,0.001000,52.000000,0.000000,52.000000,52.000000,600.961548,300.480774,0.000000,-nan,0.000000,52.000000,600.961548,300.480774,3739229.867000
mlp_moelayer,test1,0.001000,0.001000,0.001000,52.000000,0.000000,52.000000,52.000000,600.961548,300.480774,0.000000,-nan,0.000000,52.000000,600.961548,300.480774,3739229.867000
mlp_moelayer,test1,0.001000,0.001000,0.001000,707.424000,0.000000,707.424000,707.424000,22.087179,19.326283,0.000000,-nan,0.000000,707.424000,22.087179,19.326283,3739229.867000
attention_column,test1,0.001000,0.001000,0.001000,27.580000,0.000000,0.000000,27.580000,566.533691,283.266846,0.000000,-nan,0.000000,0.000000,-nan,0.000000,3739229.867000
attention_row,test1,0.001000,0.001000,0.001000,27.580000,0.000000,0.000000,27.580000,566.533691,283.266846,0.000000,-nan,0.000000,0.000000,inf,0.000000,3739229.867000
mlp_moelayer,test1,0.001000,0.001000,0.001000,3.184000,0.000000,0.000000,3.184000,1.198083,0.599042,0.000000,-nan,0.000000,0.000000,-nan,0.000000,3739229.867000
mlp_moelayer,test1,0.001000,0.001000,0.001000,707.424000,0.000000,707.424000,707.424000,22.087179,19.326283,0.000000,-nan,0.000000,707.424000,22.087179,19.326283,3739229.867000
mlp_moelayer,test1,0.001000,0.001000,0.001000,52.000000,0.000000,52.000000,52.000000,600.961548,300.480774,0.000000,-nan,0.000000,52.000000,600.961548,300.480774,3739229.867000
mlp_moelayer,test1,0.001000,0.001000,0.001000,52.000000,0.000000,52.000000,52.000000,600.961548,300.480774,0.000000,-nan,0.000000,52.000000,600.961548,300.480774,3739229.867000
mlp_moelayer,test1,0.001000,0.001000,0.001000,707.424000,0.000000,707.424000,707.424000,22.087179,19.326283,0.000000,-nan,0.000000,707.424000,22.087179,19.326283,3739229.867000
attention_column,test1,0.001000,0.001000,0.001000,27.580000,0.000000,0.000000,27.580000,566.533691,283.266846,0.000000,-nan,0.000000,0.000000,-nan,0.000000,3739229.867000
attention_row,test1,0.001000,0.001000,0.001000,27.580000,0.000000,0.000000,27.580000,566.533691,283.266846,0.000000,-nan,0.000000,0.000000,inf,0.000000,3739229.867000
mlp_moelayer,test1,0.001000,0.001000,0.001000,3.184000,0.000000,0.000000,3.184000,1.198083,0.599042,0.000000,-nan,0.000000,0.000000,-nan,0.000000,3739229.867000
mlp_moelayer,test1,0.001000,0.001000,0.001000,707.424000,0.000000,707.424000,707.424000,22.087179,19.326283,0.000000,-nan,0.000000,707.424000,22.087179,19.326283,3739229.867000
mlp_moelayer,test1,0.001000,0.001000,0.001000,52.000000,0.000000,52.000000,52.000000,600.961548,300.480774,0.000000,-nan,0.000000,52.000000,600.961548,300.480774,3739229.867000
mlp_moelayer,test1,0.001000,0.001000,0.001000,52.000000,0.000000,52.000000,52.000000,600.961548,300.480774,0.000000,-nan,0.000000,52.000000,600.961548,300.480774,3739229.867000
mlp_moelayer,test1,0.001000,0.001000,0.001000,707.424000,0.000000,707.424000,707.424000,22.087179,19.326283,0.000000,-nan,0.000000,707.424000,22.087179,19.326283,3739229.867000
attention_column,test1,0.001000,0.001000,0.001000,27.580000,0.000000,0.000000,27.580000,566.533691,283.266846,0.000000,-nan,0.000000,0.000000,-nan,0.000000,3739229.867000
attention_row,test1,0.001000,0.001000,0.001000,27.580000,0.000000,0.000000,27.580000,566.533691,283.266846,0.000000,-nan,0.000000,0.000000,inf,0.000000,3739229.867000
mlp_moelayer,test1,0.001000,0.001000,0.001000,3.184000,0.000000,0.000000,3.184000,1.198083,0.599042,0.000000,-nan,0.000000,0.000000,-nan,0.000000,3739229.867000
mlp_moelayer,test1,0.001000,0.001000,0.001000,707.424000,0.000000,707.424000,707.424000,22.087179,19.326283,0.000000,-nan,0.000000,707.424000,22.087179,19.326283,3739229.867000
mlp_moelayer,test1,0.001000,0.001000,0.001000,52.000000,0.000000,52.000000,52.000000,600.961548,300.480774,0.000000,-nan,0.000000,52.000000,600.961548,300.480774,3739229.867000
mlp_moelayer,test1,0.001000,0.001000,0.001000,52.000000,0.000000,52.000000,52.000000,600.961548,300.480774,0.000000,-nan,0.000000,52.000000,600.961548,300.480774,3739229.867000
mlp_moelayer,test1,0.001000,0.001000,0.001000,707.424000,0.000000,707.424000,707.424000,22.087179,19.326283,0.000000,-nan,0.000000,707.424000,22.087179,19.326283,3739229.867000
attention_column,test1,0.001000,0.001000,0.001000,27.580000,0.000000,0.000000,27.580000,566.533691,283.266846,0.000000,-nan,0.000000,0.000000,-nan,0.000000,3739229.867000
attention_row,test1,0.001000,0.001000,0.001000,27.580000,0.000000,0.000000,27.580000,566.533691,283.266846,0.000000,-nan,0.000000,0.000000,inf,0.000000,3739229.867000
mlp_moelayer,test1,0.001000,0.001000,0.001000,3.184000,0.000000,0.000000,3.184000,1.198083,0.599042,0.000000,-nan,0.000000,0.000000,-nan,0.000000,3739229.867000
mlp_moelayer,test1,0.001000,0.001000,0.001000,707.424000,0.000000,707.424000,707.424000,22.087179,19.326283,0.000000,-nan,0.000000,707.424000,22.087179,19.326283,3739229.867000
mlp_moelayer,test1,0.001000,0.001000,0.001000,52.000000,0.000000,52.000000,52.000000,600.961548,300.480774,0.000000,-nan,0.000000,52.000000,600.961548,300.480774,3739229.867000
mlp_moelayer,test1,0.001000,0.001000,0.001000,52.000000,0.000000,52.000000,52.000000,600.961548,300.480774,0.000000,-nan,0.000000,52.000000,600.961548,300.480774,3739229.867000
mlp_moelayer,test1,0.001000,0.001000,0.001000,707.424000,0.000000,707.424000,707.424000,22.087179,19.326283,0.000000,-nan,0.000000,707.424000,22.087179,19.326283,3739229.867000
attention_column,test1,0.001000,0.001000,0.001000,27.580000,0.000000,0.000000,27.580000,566.533691,283.266846,0.000000,-nan,0.000000,0.000000,-nan,0.000000,3739229.867000
attention_row,test1,0.001000,0.001000,0.001000,27.580000,0.000000,0.000000,27.580000,566.533691,283.266846,0.000000,-nan,0.000000,0.000000,inf,0.000000,3739229.867000
mlp_moelayer,test1,0.001000,0.001000,0.001000,3.184000,0.000000,0.000000,3.184000,1.198083,0.599042,0.000000,-nan,0.000000,0.000000,-nan,0.000000,3739229.867000
mlp_moelayer,test1,0.001000,0.001000,0.001000,707.424000,0.000000,707.424000,707.424000,22.087179,19.326283,0.000000,-nan,0.000000,707.424000,22.087179,19.326283,3739229.867000
mlp_moelayer,test1,0.001000,0.001000,0.001000,52.000000,0.000000,52.000000,52.000000,600.961548,300.480774,0.000000,-nan,0.000000,52.000000,600.961548,300.480774,3739229.867000
mlp_moelayer,test1,0.001000,0.001000,0.001000,52.000000,0.000000,52.000000,52.000000,600.961548,300.480774,0.000000,-nan,0.000000,52.000000,600.961548,300.480774,3739229.867000
mlp_moelayer,test1,0.001000,0.001000,0.001000,707.424000,0.000000,707.424000,707.424000,22.087179,19.326283,0.000000,-nan,0.000000,707.424000,22.087179,19.326283,3739229.867000
attention_column,test1,0.001000,0.001000,0.001000,27.580000,0.000000,0.000000,27.580000,566.533691,283.266846,0.000000,-nan,0.000000,0.000000,-nan,0.000000,3739229.867000
attention_row,test1,0.001000,0.001000,0.001000,27.580000,0.000000,0.000000,27.580000,566.533691,283.266846,0.000000,-nan,0.000000,0.000000,inf,0.000000,3739229.867000
mlp_moelayer,test1,0.001000,0.001000,0.001000,3.184000,0.000000,0.000000,3.184000,1.198083,0.599042,0.000000,-nan,0.000000,0.000000,-nan,0.000000,3739229.867000
mlp_moelayer,test1,0.001000,0.001000,0.001000,707.424000,0.000000,707.424000,707.424000,22.087179,19.326283,0.000000,-nan,0.000000,707.424000,22.087179,19.326283,3739229.867000
mlp_moelayer,test1,0.001000,0.001000,0.001000,52.000000,0.000000,52.000000,52.000000,600.961548,300.480774,0.000000,-nan,0.000000,52.000000,600.961548,300.480774,3739229.867000
mlp_moelayer,test1,0.001000,0.001000,0.001000,52.000000,0.000000,52.000000,52.000000,600.961548,300.480774,0.000000,-nan,0.000000,52.000000,600.961548,300.480774,3739229.867000
mlp_moelayer,test1,0.001000,0.001000,0.001000,707.424000,0.000000,707.424000,707.424000,22.087179,19.326283,0.000000,-nan,0.000000,707.424000,22.087179,19.326283,3739229.867000
attention_column,test1,0.001000,0.001000,0.001000,27.580000,0.000000,0.000000,27.580000,566.533691,283.266846,0.000000,-nan,0.000000,0.000000,-nan,0.000000,3739229.867000
attention_row,test1,0.001000,0.001000,0.001000,27.580000,0.000000,0.000000,27.580000,566.533691,283.266846,0.000000,-nan,0.000000,0.000000,inf,0.000000,3739229.867000
mlp_moelayer,test1,0.001000,0.001000,0.001000,3.184000,0.000000,0.000000,3.184000,1.198083,0.599042,0.000000,-nan,0.000000,0.000000,-nan,0.000000,3739229.867000
mlp_moelayer,test1,0.001000,0.001000,0.001000,707.424000,0.000000,707.424000,707.424000,22.087179,19.326283,0.000000,-nan,0.000000,707.424000,22.087179,19.326283,3739229.867000
mlp_moelayer,test1,0.001000,0.001000,0.001000,52.000000,0.000000,52.000000,52.000000,600.961548,300.480774,0.000000,-nan,0.000000,52.000000,600.961548,300.480774,3739229.867000
mlp_moelayer,test1,0.001000,0.001000,0.001000,52.000000,0.000000,52.000000,52.000000,600.961548,300.480774,0.000000,-nan,0.000000,52.000000,600.961548,300.480774,3739229.867000
mlp_moelayer,test1,0.001000,0.001000,0.001000,707.424000,0.000000,707.424000,707.424000,22.087179,19.326283,0.000000,-nan,0.000000,707.424000,22.087179,19.326283,3739229.867000
attention_column,test1,0.001000,0.001000,0.001000,27.580000,0.000000,0.000000,27.580000,566.533691,283.266846,0.000000,-nan,0.000000,0.000000,-nan,0.000000,3739229.867000
attention_row,test1,0.001000,0.001000,0.001000,27.580000,0.000000,0.000000,27.580000,566.533691,283.266846,0.000000,-nan,0.000000,0.000000,inf,0.000000,3739229.867000
mlp_moelayer,test1,0.001000,0.001000,0.001000,3.184000,0.000000,0.000000,3.184000,1.198083,0.599042,0.000000,-nan,0.000000,0.000000,-nan,0.000000,3739229.867000
mlp_moelayer,test1,0.001000,0.001000,0.001000,707.424000,0.000000,707.424000,707.424000,22.087179,19.326283,0.000000,-nan,0.000000,707.424000,22.087179,19.326283,3739229.867000
mlp_moelayer,test1,0.001000,0.001000,0.001000,52.000000,0.000000,52.000000,52.000000,600.961548,300.480774,0.000000,-nan,0.000000,52.000000,600.961548,300.480774,3739229.867000
mlp_moelayer,test1,0.001000,0.001000,0.001000,52.000000,0.000000,52.000000,52.000000,600.961548,300.480774,0.000000,-nan,0.000000,52.000000,600.961548,300.480774,3739229.867000
mlp_moelayer,test1,0.001000,0.001000,0.001000,707.424000,0.000000,707.424000,707.424000,22.087179,19.326283,0.000000,-nan,0.000000,707.424000,22.087179,19.326283,3739229.867000
attention_column,test1,0.001000,0.001000,0.001000,27.580000,0.000000,0.000000,27.580000,566.533691,283.266846,0.000000,-nan,0.000000,0.000000,-nan,0.000000,3739229.867000
attention_row,test1,0.001000,0.001000,0.001000,27.580000,0.000000,0.000000,27.580000,566.533691,283.266846,0.000000,-nan,0.000000,0.000000,inf,0.000000,3739229.867000
mlp_moelayer,test1,0.001000,0.001000,0.001000,3.184000,0.000000,0.000000,3.184000,1.198083,0.599042,0.000000,-nan,0.000000,0.000000,-nan,0.000000,3739229.867000
mlp_moelayer,test1,0.001000,0.001000,0.001000,707.424000,0.000000,707.424000,707.424000,22.087179,19.326283,0.000000,-nan,0.000000,707.424000,22.087179,19.326283,3739229.867000
mlp_moelayer,test1,0.001000,0.001000,0.001000,52.000000,0.000000,52.000000,52.000000,600.961548,300.480774,0.000000,-nan,0.000000,52.000000,600.961548,300.480774,3739229.867000
mlp_moelayer,test1,0.001000,0.001000,0.001000,52.000000,0.000000,52.000000,52.000000,600.961548,300.480774,0.000000,-nan,0.000000,52.000000,600.961548,300.480774,3739229.867000
mlp_moelayer,test1,0.001000,0.001000,0.001000,707.424000,0.000000,707.424000,707.424000,22.087179,19.326283,0.000000,-nan,0.000000,707.424000,22.087179,19.326283,3739229.867000
attention_column,test1,0.001000,0.001000,0.001000,27.580000,0.000000,0.000000,27.580000,566.533691,283.266846,0.000000,-nan,0.000000,0.000000,-nan,0.000000,3739229.867000
attention_row,test1,0.001000,0.001000,0.001000,27.580000,0.000000,0.000000,27.580000,566.533691,283.266846,0.000000,-nan,0.000000,0.000000,inf,0.000000,3739229.867000
mlp_moelayer,test1,0.001000,0.001000,0.001000,3.184000,0.000000,0.000000,3.184000,1.198083,0.599042,0.000000,-nan,0.000000,0.000000,-nan,0.000000,3739229.867000
mlp_moelayer,test1,0.001000,0.001000,0.001000,707.424000,0.000000,707.424000,707.424000,22.087179,19.326283,0.000000,-nan,0.000000,707.424000,22.087179,19.326283,3739229.867000
mlp_moelayer,test1,0.001000,0.001000,0.001000,52.000000,0.000000,52.000000,52.000000,600.961548,300.480774,0.000000,-nan,0.000000,52.000000,600.961548,300.480774,3739229.867000
mlp_moelayer,test1,0.001000,0.001000,0.001000,52.000000,0.000000,52.000000,52.000000,600.961548,300.480774,0.000000,-nan,0.000000,52.000000,600.961548,300.480774,3739229.867000
mlp_moelayer,test1,0.001000,0.001000,0.001000,707.424000,0.000000,707.424000,707.424000,22.087179,19.326283,0.000000,-nan,0.000000,707.424000,22.087179,19.326283,3739229.867000
attention_column,test1,0.001000,0.001000,0.001000,27.580000,0.000000,0.000000,27.580000,566.533691,283.266846,0.000000,-nan,0.000000,0.000000,-nan,0.000000,3739229.867000
attention_row,test1,0.001000,0.001000,0.001000,27.580000,0.000000,0.000000,27.580000,566.533691,283.266846,0.000000,-nan,0.000000,0.000000,inf,0.000000,3739229.867000
mlp_moelayer,test1,0.001000,0.001000,0.001000,3.184000,0.000000,0.000000,3.184000,1.198083,0.599042,0.000000,-nan,0.000000,0.000000,-nan,0.000000,3739229.867000
mlp_moelayer,test1,0.001000,0.001000,0.001000,707.424000,0.000000,707.424000,707.424000,22.087179,19.326283,0.000000,-nan,0.000000,707.424000,22.087179,19.326283,3739229.867000
mlp_moelayer,test1,0.001000,0.001000,0.001000,52.000000,0.000000,52.000000,52.000000,600.961548,300.480774,0.000000,-nan,0.000000,52.000000,600.961548,300.480774,3739229.867000
mlp_moelayer,test1,0.001000,0.001000,0.001000,52.000000,0.000000,52.000000,52.000000,600.961548,300.480774,0.000000,-nan,0.000000,52.000000,600.961548,300.480774,3739229.867000
mlp_moelayer,test1,0.001000,0.001000,0.001000,707.424000,0.000000,707.424000,707.424000,22.087179,19.326283,0.000000,-nan,0.000000,707.424000,22.087179,19.326283,3739229.867000
attention_column,test1,0.001000,0.001000,0.001000,27.580000,0.000000,0.000000,27.580000,566.533691,283.266846,0.000000,-nan,0.000000,0.000000,-nan,0.000000,3739229.867000
attention_row,test1,0.001000,0.001000,0.001000,27.580000,0.000000,0.000000,27.580000,566.533691,283.266846,0.000000,-nan,0.000000,0.000000,inf,0.000000,3739229.867000
mlp_moelayer,test1,0.001000,0.001000,0.001000,3.184000,0.000000,0.000000,3.184000,1.198083,0.599042,0.000000,-nan,0.000000,0.000000,-nan,0.000000,3739229.867000
mlp_moelayer,test1,0.001000,0.001000,0.001000,707.424000,0.000000,707.424000,707.424000,22.087179,19.326283,0.000000,-nan,0.000000,707.424000,22.087179,19.326283,3739229.867000
mlp_moelayer,test1,0.001000,0.001000,0.001000,52.000000,0.000000,52.000000,52.000000,600.961548,300.480774,0.000000,-nan,0.000000,52.000000,600.961548,300.480774,3739229.867000
mlp_moelayer,test1,0.001000,0.001000,0.001000,52.000000,0.000000,52.000000,52.000000,600.961548,300.480774,0.000000,-nan,0.000000,52.000000,600.961548,300.480774,3739229.867000
mlp_moelayer,test1,0.001000,0.001000,0.001000,707.424000,0.000000,707.424000,707.424000,22.087179,19.326283,0.000000,-nan,0.000000,707.424000,22.087179,19.326283,3739229.867000
attention_column,test1,0.001000,0.001000,0.001000,27.580000,0.000000,0.000000,27.580000,566.533691,283.266846,0.000000,-nan,0.000000,0.000000,-nan,0.000000,3739229.867000
attention_row,test1,0.001000,0.001000,0.001000,27.580000,0.000000,0.000000,27.580000,566.533691,283.266846,0.000000,-nan,0.000000,0.000000,inf,0.000000,3739229.867000
mlp_moelayer,test1,0.001000,0.001000,0.001000,3.184000,0.000000,0.000000,3.184000,1.198083,0.599042,0.000000,-nan,0.000000,0.000000,-nan,0.000000,3739229.867000
mlp_moelayer,test1,0.001000,0.001000,0.001000,707.424000,0.000000,707.424000,707.424000,22.087179,19.326283,0.000000,-nan,0.000000,707.424000,22.087179,19.326283,3739229.867000
mlp_moelayer,test1,0.001000,0.001000,0.001000,52.000000,0.000000,52.000000,52.000000,600.961548,300.480774,0.000000,-nan,0.000000,52.000000,600.961548,300.480774,3739229.867000
mlp_moelayer,test1,0.001000,0.001000,0.001000,52.000000,0.000000,52.000000,52.000000,600.961548,300.480774,0.000000,-nan,0.000000,52.000000,600.961548,300.480774,3739229.867000
mlp_moelayer,test1,0.001000,0.001000,0.001000,707.424000,0.000000,707.424000,707.424000,22.087179,19.326283,0.000000,-nan,0.000000,707.424000,22.087179,19.326283,3739229.867000
attention_column,test1,0.001000,0.001000,0.001000,27.580000,0.000000,0.000000,27.580000,566.533691,283.266846,0.000000,-nan,0.000000,0.000000,-nan,0.000000,3739229.867000
attention_row,test1,0.001000,0.001000,0.001000,27.580000,0.000000,0.000000,27.580000,566.533691,283.266846,0.000000,-nan,0.000000,0.000000,inf,0.000000,3739229.867000
mlp_moelayer,test1,0.001000,0.001000,0.001000,3.184000,0.000000,0.000000,3.184000,1.198083,0.599042,0.000000,-nan,0.000000,0.000000,-nan,0.000000,3739229.867000
mlp_moelayer,test1,0.001000,0.001000,0.001000,707.424000,0.000000,707.424000,707.424000,22.087179,19.326283,0.000000,-nan,0.000000,707.424000,22.087179,19.326283,3739229.867000
mlp_moelayer,test1,0.001000,0.001000,0.001000,52.000000,0.000000,52.000000,52.000000,600.961548,300.480774,0.000000,-nan,0.000000,52.000000,600.961548,300.480774,3739229.867000
mlp_moelayer,test1,0.001000,0.001000,0.001000,52.000000,0.000000,52.000000,52.000000,600.961548,300.480774,0.000000,-nan,0.000000,52.000000,600.961548,300.480774,3739229.867000
mlp_moelayer,test1,0.001000,0.001000,0.001000,707.424000,0.000000,707.424000,707.424000,22.087179,19.326283,0.000000,-nan,0.000000,707.424000,22.087179,19.326283,3739229.867000
attention_column,test1,0.001000,0.001000,0.001000,27.580000,0.000000,0.000000,27.580000,566.533691,283.266846,0.000000,-nan,0.000000,0.000000,-nan,0.000000,3739229.867000
attention_row,test1,0.001000,0.001000,0.001000,27.580000,0.000000,0.000000,27.580000,566.533691,283.266846,0.000000,-nan,0.000000,0.000000,inf,0.000000,3739229.867000
mlp_moelayer,test1,0.001000,0.001000,0.001000,3.184000,0.000000,0.000000,3.184000,1.198083,0.599042,0.000000,-nan,0.000000,0.000000,-nan,0.000000,3739229.867000
mlp_moelayer,test1,0.001000,0.001000,0.001000,707.424000,0.000000,707.424000,707.424000,22.087179,19.326283,0.000000,-nan,0.000000,707.424000,22.087179,19.326283,3739229.867000
mlp_moelayer,test1,0.001000,0.001000,0.001000,52.000000,0.000000,52.000000,52.000000,600.961548,300.480774,0.000000,-nan,0.000000,52.000000,600.961548,300.480774,3739229.867000
mlp_moelayer,test1,0.001000,0.001000,0.001000,52.000000,0.000000,52.000000,52.000000,600.961548,300.480774,0.000000,-nan,0.000000,52.000000,600.961548,300.480774,3739229.867000
mlp_moelayer,test1,0.001000,0.001000,0.001000,707.424000,0.000000,707.424000,707.424000,22.087179,19.326283,0.000000,-nan,0.000000,707.424000,22.087179,19.326283,3739229.867000
attention_column,test1,0.001000,0.001000,0.001000,27.580000,0.000000,0.000000,27.580000,566.533691,283.266846,0.000000,-nan,0.000000,0.000000,-nan,0.000000,3739229.867000
attention_row,test1,0.001000,0.001000,0.001000,27.580000,0.000000,0.000000,27.580000,566.533691,283.266846,0.000000,-nan,0.000000,0.000000,inf,0.000000,3739229.867000
mlp_moelayer,test1,0.001000,0.001000,0.001000,3.184000,0.000000,0.000000,3.184000,1.198083,0.599042,0.000000,-nan,0.000000,0.000000,-nan,0.000000,3739229.867000
mlp_moelayer,test1,0.001000,0.001000,0.001000,707.424000,0.000000,707.424000,707.424000,22.087179,19.326283,0.000000,-nan,0.000000,707.424000,22.087179,19.326283,3739229.867000
mlp_moelayer,test1,0.001000,0.001000,0.001000,52.000000,0.000000,52.000000,52.000000,600.961548,300.480774,0.000000,-nan,0.000000,52.000000,600.961548,300.480774,3739229.867000
mlp_moelayer,test1,0.001000,0.001000,0.001000,52.000000,0.000000,52.000000,52.000000,600.961548,300.480774,0.000000,-nan,0.000000,52.000000,600.961548,300.480774,3739229.867000
mlp_moelayer,test1,0.001000,0.001000,0.001000,707.424000,0.000000,707.424000,707.424000,22.087179,19.326283,0.000000,-nan,0.000000,707.424000,22.087179,19.326283,3739229.867000
attention_column,test1,0.001000,0.001000,0.001000,27.580000,0.000000,0.000000,27.580000,566.533691,283.266846,0.000000,-nan,0.000000,0.000000,-nan,0.000000,3739229.867000
attention_row,test1,0.001000,0.001000,0.001000,27.580000,0.000000,0.000000,27.580000,566.533691,283.266846,0.000000,-nan,0.000000,0.000000,inf,0.000000,3739229.867000
mlp_moelayer,test1,0.001000,0.001000,0.001000,3.184000,0.000000,0.000000,3.184000,1.198083,0.599042,0.000000,-nan,0.000000,0.000000,-nan,0.000000,3739229.867000
mlp_moelayer,test1,0.001000,0.001000,0.001000,707.424000,0.000000,707.424000,707.424000,22.087179,19.326283,0.000000,-nan,0.000000,707.424000,22.087179,19.326283,3739229.867000
mlp_moelayer,test1,0.001000,0.001000,0.001000,52.000000,0.000000,52.000000,52.000000,600.961548,300.480774,0.000000,-nan,0.000000,52.000000,600.961548,300.480774,3739229.867000
mlp_moelayer,test1,0.001000,0.001000,0.001000,52.000000,0.000000,52.000000,52.000000,600.961548,300.480774,0.000000,-nan,0.000000,52.000000,600.961548,300.480774,3739229.867000
mlp_moelayer,test1,0.001000,0.001000,0.001000,707.424000,0.000000,707.424000,707.424000,22.087179,19.326283,0.000000,-nan,0.000000,707.424000,22.087179,19.326283,3739229.867000
attention_column,test1,0.001000,0.001000,0.001000,27.580000,0.000000,0.000000,27.580000,566.533691,283.266846,0.000000,-nan,0.000000,0.000000,-nan,0.000000,3739229.867000
attention_row,test1,0.001000,0.001000,0.001000,27.580000,0.000000,0.000000,27.580000,566.533691,283.266846,0.000000,-nan,0.000000,0.000000,inf,0.000000,3739229.867000
mlp_moelayer,test1,0.001000,0.001000,0.001000,3.184000,0.000000,0.000000,3.184000,1.198083,0.599042,0.000000,-nan,0.000000,0.000000,-nan,0.000000,3739229.867000
mlp_moelayer,test1,0.001000,0.001000,0.001000,707.424000,0.000000,707.424000,707.424000,22.087179,19.326283,0.000000,-nan,0.000000,707.424000,22.087179,19.326283,3739229.867000
mlp_moelayer,test1,0.001000,0.001000,0.001000,52.000000,0.000000,52.000000,52.000000,600.961548,300.480774,0.000000,-nan,0.000000,52.000000,600.961548,300.480774,3739229.867000
mlp_moelayer,test1,0.001000,0.001000,0.001000,52.000000,0.000000,52.000000,52.000000,600.961548,300.480774,0.000000,-nan,0.000000,52.000000,600.961548,300.480774,3739229.867000
mlp_moelayer,test1,0.001000,0.001000,0.001000,707.424000,0.000000,707.424000,707.424000,22.087179,19.326283,0.000000,-nan,0.000000,707.424000,22.087179,19.326283,3739229.867000
attention_column,test1,0.001000,0.001000,0.001000,27.580000,0.000000,0.000000,27.580000,566.533691,283.266846,0.000000,-nan,0.000000,0.000000,-nan,0.000000,3739229.867000
attention_row,test1,0.001000,0.001000,0.001000,27.580000,0.000000,0.000000,27.580000,566.533691,283.266846,0.000000,-nan,0.000000,0.000000,inf,0.000000,3739229.867000
mlp_moelayer,test1,0.001000,0.001000,0.001000,3.184000,0.000000,0.000000,3.184000,1.198083,0.599042,0.000000,-nan,0.000000,0.000000,-nan,0.000000,3739229.867000
mlp_moelayer,test1,0.001000,0.001000,0.001000,707.424000,0.000000,707.424000,707.424000,22.087179,19.326283,0.000000,-nan,0.000000,707.424000,22.087179,19.326283,3739229.867000
mlp_moelayer,test1,0.001000,0.001000,0.001000,52.000000,0.000000,52.000000,52.000000,600.961548,300.480774,0.000000,-nan,0.000000,52.000000,600.961548,300.480774,3739229.867000
mlp_moelayer,test1,0.001000,0.001000,0.001000,52.000000,0.000000,52.000000,52.000000,600.961548,300.480774,0.000000,-nan,0.000000,52.000000,600.961548,300.480774,3739229.867000
mlp_moelayer,test1,0.001000,0.001000,0.001000,707.424000,0.000000,707.424000,707.424000,22.087179,19.326283,0.000000,-nan,0.000000,707.424000,22.087179,19.326283,3739229.867000
attention_column,test1,0.001000,0.001000,0.001000,27.580000,0.000000,0.000000,27.580000,566.533691,283.266846,0.000000,-nan,0.000000,0.000000,-nan,0.000000,3739229.867000
attention_row,test1,0.001000,0.001000,0.001000,27.580000,0.000000,0.000000,27.580000,566.533691,283.266846,0.000000,-nan,0.000000,0.000000,inf,0.000000,3739229.867000
mlp_moelayer,test1,0.001000,0.001000,0.001000,3.184000,0.000000,0.000000,3.184000,1.198083,0.599042,0.000000,-nan,0.000000,0.000000,-nan,0.000000,3739229.867000
mlp_moelayer,test1,0.001000,0.001000,0.001000,707.424000,0.000000,707.424000,707.424000,22.087179,19.326283,0.000000,-nan,0.000000,707.424000,22.087179,19.326283,3739229.867000
mlp_moelayer,test1,0.001000,0.001000,0.001000,52.000000,0.000000,52.000000,52.000000,600.961548,300.480774,0.000000,-nan,0.000000,52.000000,600.961548,300.480774,3739229.867000
mlp_moelayer,test1,0.001000,0.001000,0.001000,52.000000,0.000000,52.000000,52.000000,600.961548,300.480774,0.000000,-nan,0.000000,52.000000,600.961548,300.480774,3739229.867000
mlp_moelayer,test1,0.001000,0.001000,0.001000,707.424000,0.000000,707.424000,707.424000,22.087179,19.326283,0.000000,-nan,0.000000,707.424000,22.087179,19.326283,3739229.867000
attention_column,test1,0.001000,0.001000,0.001000,27.580000,0.000000,0.000000,27.580000,566.533691,283.266846,0.000000,-nan,0.000000,0.000000,-nan,0.000000,3739229.867000
attention_row,test1,0.001000,0.001000,0.001000,27.580000,0.000000,0.000000,27.580000,566.533691,283.266846,0.000000,-nan,0.000000,0.000000,inf,0.000000,3739229.867000
mlp_moelayer,test1,0.001000,0.001000,0.001000,3.184000,0.000000,0.000000,3.184000,1.198083,0.599042,0.000000,-nan,0.000000,0.000000,-nan,0.000000,3739229.867000
mlp_moelayer,test1,0.001000,0.001000,0.001000,707.424000,0.000000,707.424000,707.424000,22.087179,19.326283,0.000000,-nan,0.000000,707.424000,22.087179,19.326283,3739229.867000
mlp_moelayer,test1,0.001000,0.001000,0.001000,52.000000,0.000000,52.000000,52.000000,600.961548,300.480774,0.000000,-nan,0.000000,52.000000,600.961548,300.480774,3739229.867000
mlp_moelayer,test1,0.001000,0.001000,0.001000,52.000000,0.000000,52.000000,52.000000,600.961548,300.480774,0.000000,-nan,0.000000,52.000000,600.961548,300.480774,3739229.867000
mlp_moelayer,test1,0.001000,0.001000,0.001000,707.424000,0.000000,707.424000,707.424000,22.087179,19.326283,0.000000,-nan,0.000000,707.424000,22.087179,19.326283,3739229.867000
attention_column,test1,0.001000,0.001000,0.001000,27.580000,0.000000,0.000000,27.580000,566.533691,283.266846,0.000000,-nan,0.000000,0.000000,-nan,0.000000,3739229.867000
attention_row,test1,0.001000,0.001000,0.001000,27.580000,0.000000,0.000000,27.580000,566.533691,283.266846,0.000000,-nan,0.000000,0.000000,inf,0.000000,3739229.867000
mlp_moelayer,test1,0.001000,0.001000,0.001000,3.184000,0.000000,0.000000,3.184000,1.198083,0.599042,0.000000,-nan,0.000000,0.000000,-nan,0.000000,3739229.867000
mlp_moelayer,test1,0.001000,0.001000,0.001000,707.424000,0.000000,707.424000,707.424000,22.087179,19.326283,0.000000,-nan,0.000000,707.424000,22.087179,19.326283,3739229.867000
mlp_moelayer,test1,0.001000,0.001000,0.001000,52.000000,0.000000,52.000000,52.000000,600.961548,300.480774,0.000000,-nan,0.000000,52.000000,600.961548,300.480774,3739229.867000
mlp_moelayer,test1,0.001000,0.001000,0.001000,52.000000,0.000000,52.000000,52.000000,600.961548,300.480774,0.000000,-nan,0.000000,52.000000,600.961548,300.480774,3739229.867000
mlp_moelayer,test1,0.001000,0.001000,0.001000,707.424000,0.000000,707.424000,707.424000,22.087179,19.326283,0.000000,-nan,0.000000,707.424000,22.087179,19.326283,3739229.867000
attention_column,test1,0.001000,0.001000,0.001000,27.580000,0.000000,0.000000,27.580000,566.533691,283.266846,0.000000,-nan,0.000000,0.000000,-nan,0.000000,3739229.867000
attention_row,test1,0.001000,0.001000,0.001000,27.580000,0.000000,0.000000,27.580000,566.533691,283.266846,0.000000,-nan,0.000000,0.000000,inf,0.000000,3739229.867000
mlp_moelayer,test1,0.001000,0.001000,0.001000,3.184000,0.000000,0.000000,3.184000,1.198083,0.599042,0.000000,-nan,0.000000,0.000000,-nan,0.000000,3739229.867000
mlp_moelayer,test1,0.001000,0.001000,0.001000,707.424000,0.000000,707.424000,707.424000,22.087179,19.326283,0.000000,-nan,0.000000,707.424000,22.087179,19.326283,3739229.867000
mlp_moelayer,test1,0.001000,0.001000,0.001000,52.000000,0.000000,52.000000,52.000000,600.961548,300.480774,0.000000,-nan,0.000000,52.000000,600.961548,300.480774,3739229.867000
mlp_moelayer,test1,0.001000,0.001000,0.001000,52.000000,0.000000,52.000000,52.000000,600.961548,300.480774,0.000000,-nan,0.000000,52.000000,600.961548,300.480774,3739229.867000
mlp_moelayer,test1,0.001000,0.001000,0.001000,707.424000,0.000000,707.424000,707.424000,22.087179,19.326283,0.000000,-nan,0.000000,707.424000,22.087179,19.326283,3739229.867000
attention_column,test1,0.001000,0.001000,0.001000,27.580000,0.000000,0.000000,27.580000,566.533691,283.266846,0.000000,-nan,0.000000,0.000000,-nan,0.000000,3739229.867000
attention_row,test1,0.001000,0.001000,0.001000,27.580000,0.000000,0.000000,27.580000,566.533691,283.266846,0.000000,-nan,0.000000,0.000000,inf,0.000000,3739229.867000
mlp_moelayer,test1,0.001000,0.001000,0.001000,3.184000,0.000000,0.000000,3.184000,1.198083,0.599042,0.000000,-nan,0.000000,0.000000,-nan,0.000000,3739229.867000
mlp_moelayer,test1,0.001000,0.001000,0.001000,707.424000,0.000000,707.424000,707.424000,22.087179,19.326283,0.000000,-nan,0.000000,707.424000,22.087179,19.326283,3739229.867000
mlp_moelayer,test1,0.001000,0.001000,0.001000,52.000000,0.000000,52.000000,52.000000,600.961548,300.480774,0.000000,-nan,0.000000,52.000000,600.961548,300.480774,3739229.867000
mlp_moelayer,test1,0.001000,0.001000,0.001000,52.000000,0.000000,52.000000,52.000000,600.961548,300.480774,0.000000,-nan,0.000000,52.000000,600.961548,300.480774,3739229.867000
mlp_moelayer,test1,0.001000,0.001000,0.001000,707.424000,0.000000,707.424000,707.424000,22.087179,19.326283,0.000000,-nan,0.000000,707.424000,22.087179,19.326283,3739229.867000
attention_column,test1,0.001000,0.001000,0.001000,27.580000,0.000000,0.000000,27.580000,566.533691,283.266846,0.000000,-nan,0.000000,0.000000,-nan,0.000000,3739229.867000
attention_row,test1,0.001000,0.001000,0.001000,27.580000,0.000000,0.000000,27.580000,566.533691,283.266846,0.000000,-nan,0.000000,0.000000,inf,0.000000,3739229.867000
mlp_moelayer,test1,0.001000,0.001000,0.001000,3.184000,0.000000,0.000000,3.184000,1.198083,0.599042,0.000000,-nan,0.000000,0.000000,-nan,0.000000,3739229.867000
mlp_moelayer,test1,0.001000,0.001000,0.001000,707.424000,0.000000,707.424000,707.424000,22.087179,19.326283,0.000000,-nan,0.000000,707.424000,22.087179,19.326283,3739229.867000
mlp_moelayer,test1,0.001000,0.001000,0.001000,52.000000,0.000000,52.000000,52.000000,600.961548,300.480774,0.000000,-nan,0.000000,52.000000,600.961548,300.480774,3739229.867000
mlp_moelayer,test1,0.001000,0.001000,0.001000,52.000000,0.000000,52.000000,52.000000,600.961548,300.480774,0.000000,-nan,0.000000,52.000000,600.961548,300.480774,3739229.867000
mlp_moelayer,test1,0.001000,0.001000,0.001000,707.424000,0.000000,707.424000,707.424000,22.087179,19.326283,0.000000,-nan,0.000000,707.424000,22.087179,19.326283,3739229.867000
attention_column,test1,0.001000,0.001000,0.001000,27.580000,0.000000,0.000000,27.580000,566.533691,283.266846,0.000000,-nan,0.000000,0.000000,-nan,0.000000,3739229.867000
attention_row,test1,0.001000,0.001000,0.001000,27.580000,0.000000,0.000000,27.580000,566.533691,283.266846,0.000000,-nan,0.000000,0.000000,inf,0.000000,3739229.867000
mlp_moelayer,test1,0.001000,0.001000,0.001000,3.184000,0.000000,0.000000,3.184000,1.198083,0.599042,0.000000,-nan,0.000000,0.000000,-nan,0.000000,3739229.867000
mlp_moelayer,test1,0.001000,0.001000,0.001000,707.424000,0.000000,707.424000,707.424000,22.087179,19.326283,0.000000,-nan,0.000000,707.424000,22.087179,19.326283,3739229.867000
mlp_moelayer,test1,0.001000,0.001000,0.001000,52.000000,0.000000,52.000000,52.000000,600.961548,300.480774,0.000000,-nan,0.000000,52.000000,600.961548,300.480774,3739229.867000
mlp_moelayer,test1,0.001000,0.001000,0.001000,52.000000,0.000000,52.000000,52.000000,600.961548,300.480774,0.000000,-nan,0.000000,52.000000,600.961548,300.480774,3739229.867000
mlp_moelayer,test1,0.001000,0.001000,0.001000,707.424000,0.000000,707.424000,707.424000,22.087179,19.326283,0.000000,-nan,0.000000,707.424000,22.087179,19.326283,3739229.867000
attention_column,test1,0.001000,0.001000,0.001000,27.580000,0.000000,0.000000,27.580000,566.533691,283.266846,0.000000,-nan,0.000000,0.000000,-nan,0.000000,3739229.867000
attention_row,test1,0.001000,0.001000,0.001000,27.580000,0.000000,0.000000,27.580000,566.533691,283.266846,0.000000,-nan,0.000000,0.000000,inf,0.000000,3739229.867000
mlp_moelayer,test1,0.001000,0.001000,0.001000,3.184000,0.000000,0.000000,3.184000,1.198083,0.599042,0.000000,-nan,0.000000,0.000000,-nan,0.000000,3739229.867000
mlp_moelayer,test1,0.001000,0.001000,0.001000,707.424000,0.000000,707.424000,707.424000,22.087179,19.326283,0.000000,-nan,0.000000,707.424000,22.087179,19.326283,3739229.867000
mlp_moelayer,test1,0.001000,0.001000,0.001000,52.000000,0.000000,52.000000,52.000000,600.961548,300.480774,0.000000,-nan,0.000000,52.000000,600.961548,300.480774,3739229.867000
mlp_moelayer,test1,0.001000,0.001000,0.001000,52.000000,0.000000,52.000000,52.000000,600.961548,300.480774,0.000000,-nan,0.000000,52.000000,600.961548,300.480774,3739229.867000
mlp_moelayer,test1,0.001000,0.001000,0.001000,707.424000,0.000000,707.424000,707.424000,22.087179,19.326283,0.000000,-nan,0.000000,707.424000,22.087179,19.326283,3739229.867000
attention_column,test1,0.001000,0.001000,0.001000,27.580000,0.000000,0.000000,27.580000,566.533691,283.266846,0.000000,-nan,0.000000,0.000000,-nan,0.000000,3739229.867000
attention_row,test1,0.001000,0.001000,0.001000,27.580000,0.000000,0.000000,27.580000,566.533691,283.266846,0.000000,-nan,0.000000,0.000000,inf,0.000000,3739229.867000
mlp_moelayer,test1,0.001000,0.001000,0.001000,3.184000,0.000000,0.000000,3.184000,1.198083,0.599042,0.000000,-nan,0.000000,0.000000,-nan,0.000000,3739229.867000
mlp_moelayer,test1,0.001000,0.001000,0.001000,707.424000,0.000000,707.424000,707.424000,22.087179,19.326283,0.000000,-nan,0.000000,707.424000,22.087179,19.326283,3739229.867000
mlp_moelayer,test1,0.001000,0.001000,0.001000,52.000000,0.000000,52.000000,52.000000,600.961548,300.480774,0.000000,-nan,0.000000,52.000000,600.961548,300.480774,3739229.867000
mlp_moelayer,test1,0.001000,0.001000,0.001000,52.000000,0.000000,52.000000,52.000000,600.961548,300.480774,0.000000,-nan,0.000000,52.000000,600.961548,300.480774,3739229.867000
mlp_moelayer,test1,0.001000,0.001000,0.001000,707.424000,0.000000,707.424000,707.424000,22.087179,19.326283,0.000000,-nan,0.000000,707.424000,22.087179,19.326283,3739229.867000
final_column,test1,0.001000,0.001000,0.001000,27.580000,0.000000,0.000000,27.580000,566.533691,283.266846,0.000000,-nan,0.000000,0.000000,-nan,0.000000,3739229.867000
embedding_norm,test1,0.001000,0.001000,0.001000,769.350000,0.000000,0.000000,769.350000,317.333618,317.333618,0.000000,-nan,0.000000,0.000000,-nan,0.000000,3739229.867000
embedding_layer,test1,0.001000,0.001000,0.001000,0.000000,0.000000,0.000000,0.000000,inf,0.000000,0.000000,-nan,0.000000,0.000000,inf,0.000000,3739229.867000
attention_column,test1,0.001000,0.001000,0.001000,27.580000,0.000000,0.000000,27.580000,566.533691,283.266846,0.000000,-nan,0.000000,0.000000,-nan,0.000000,3739229.867000
attention_row,test1,0.001000,0.001000,0.001000,27.580000,0.000000,0.000000,27.580000,566.533691,283.266846,0.000000,-nan,0.000000,0.000000,inf,0.000000,3739229.867000
mlp_moelayer,test1,0.001000,0.001000,0.001000,3.184000,0.000000,0.000000,3.184000,1.198083,0.599042,0.000000,-nan,0.000000,0.000000,-nan,0.000000,3739229.867000
mlp_moelayer,test1,0.001000,0.001000,0.001000,707.424000,0.000000,707.424000,707.424000,22.087179,19.326283,0.000000,-nan,0.000000,707.424000,22.087179,19.326283,3739229.867000
mlp_moelayer,test1,0.001000,0.001000,0.001000,52.000000,0.000000,52.000000,52.000000,600.961548,300.480774,0.000000,-nan,0.000000,52.000000,600.961548,300.480774,3739229.867000
mlp_moelayer,test1,0.001000,0.001000,0.001000,52.000000,0.000000,52.000000,52.000000,600.961548,300.480774,0.000000,-nan,0.000000,52.000000,600.961548,300.480774,3739229.867000
mlp_moelayer,test1,0.001000,0.001000,0.001000,707.424000,0.000000,707.424000,707.424000,22.087179,19.326283,0.000000,-nan,0.000000,707.424000,22.087179,19.326283,3739229.867000
attention_column,test1,0.001000,0.001000,0.001000,27.580000,0.000000,0.000000,27.580000,566.533691,283.266846,0.000000,-nan,0.000000,0.000000,-nan,0.000000,3739229.867000
attention_row,test1,0.001000,0.001000,0.001000,27.580000,0.000000,0.000000,27.580000,566.533691,283.266846,0.000000,-nan,0.000000,0.000000,inf,0.000000,3739229.867000
mlp_moelayer,test1,0.001000,0.001000,0.001000,3.184000,0.000000,0.000000,3.184000,1.198083,0.599042,0.000000,-nan,0.000000,0.000000,-nan,0.000000,3739229.867000
mlp_moelayer,test1,0.001000,0.001000,0.001000,707.424000,0.000000,707.424000,707.424000,22.087179,19.326283,0.000000,-nan,0.000000,707.424000,22.087179,19.326283,3739229.867000
mlp_moelayer,test1,0.001000,0.001000,0.001000,52.000000,0.000000,52.000000,52.000000,600.961548,300.480774,0.000000,-nan,0.000000,52.000000,600.961548,300.480774,3739229.867000
mlp_moelayer,test1,0.001000,0.001000,0.001000,52.000000,0.000000,52.000000,52.000000,600.961548,300.480774,0.000000,-nan,0.000000,52.000000,600.961548,300.480774,3739229.867000
mlp_moelayer,test1,0.001000,0.001000,0.001000,707.424000,0.000000,707.424000,707.424000,22.087179,19.326283,0.000000,-nan,0.000000,707.424000,22.087179,19.326283,3739229.867000
attention_column,test1,0.001000,0.001000,0.001000,27.580000,0.000000,0.000000,27.580000,566.533691,283.266846,0.000000,-nan,0.000000,0.000000,-nan,0.000000,3739229.867000
attention_row,test1,0.001000,0.001000,0.001000,27.580000,0.000000,0.000000,27.580000,566.533691,283.266846,0.000000,-nan,0.000000,0.000000,inf,0.000000,3739229.867000
mlp_moelayer,test1,0.001000,0.001000,0.001000,3.184000,0.000000,0.000000,3.184000,1.198083,0.599042,0.000000,-nan,0.000000,0.000000,-nan,0.000000,3739229.867000
mlp_moelayer,test1,0.001000,0.001000,0.001000,707.424000,0.000000,707.424000,707.424000,22.087179,19.326283,0.000000,-nan,0.000000,707.424000,22.087179,19.326283,3739229.867000
mlp_moelayer,test1,0.001000,0.001000,0.001000,52.000000,0.000000,52.000000,52.000000,600.961548,300.480774,0.000000,-nan,0.000000,52.000000,600.961548,300.480774,3739229.867000
mlp_moelayer,test1,0.001000,0.001000,0.001000,52.000000,0.000000,52.000000,52.000000,600.961548,300.480774,0.000000,-nan,0.000000,52.000000,600.961548,300.480774,3739229.867000
mlp_moelayer,test1,0.001000,0.001000,0.001000,707.424000,0.000000,707.424000,707.424000,22.087179,19.326283,0.000000,-nan,0.000000,707.424000,22.087179,19.326283,3739229.867000
attention_column,test1,0.001000,0.001000,0.001000,27.580000,0.000000,0.000000,27.580000,566.533691,283.266846,0.000000,-nan,0.000000,0.000000,-nan,0.000000,3739229.867000
attention_row,test1,0.001000,0.001000,0.001000,27.580000,0.000000,0.000000,27.580000,566.533691,283.266846,0.000000,-nan,0.000000,0.000000,inf,0.000000,3739229.867000
mlp_moelayer,test1,0.001000,0.001000,0.001000,3.184000,0.000000,0.000000,3.184000,1.198083,0.599042,0.000000,-nan,0.000000,0.000000,-nan,0.000000,3739229.867000
mlp_moelayer,test1,0.001000,0.001000,0.001000,707.424000,0.000000,707.424000,707.424000,22.087179,19.326283,0.000000,-nan,0.000000,707.424000,22.087179,19.326283,3739229.867000
mlp_moelayer,test1,0.001000,0.001000,0.001000,52.000000,0.000000,52.000000,52.000000,600.961548,300.480774,0.000000,-nan,0.000000,52.000000,600.961548,300.480774,3739229.867000
mlp_moelayer,test1,0.001000,0.001000,0.001000,52.000000,0.000000,52.000000,52.000000,600.961548,300.480774,0.000000,-nan,0.000000,52.000000,600.961548,300.480774,3739229.867000
mlp_moelayer,test1,0.001000,0.001000,0.001000,707.424000,0.000000,707.424000,707.424000,22.087179,19.326283,0.000000,-nan,0.000000,707.424000,22.087179,19.326283,3739229.867000
attention_column,test1,0.001000,0.001000,0.001000,27.580000,0.000000,0.000000,27.580000,566.533691,283.266846,0.000000,-nan,0.000000,0.000000,-nan,0.000000,3739229.867000
attention_row,test1,0.001000,0.001000,0.001000,27.580000,0.000000,0.000000,27.580000,566.533691,283.266846,0.000000,-nan,0.000000,0.000000,inf,0.000000,3739229.867000
mlp_moelayer,test1,0.001000,0.001000,0.001000,3.184000,0.000000,0.000000,3.184000,1.198083,0.599042,0.000000,-nan,0.000000,0.000000,-nan,0.000000,3739229.867000
mlp_moelayer,test1,0.001000,0.001000,0.001000,707.424000,0.000000,707.424000,707.424000,22.087179,19.326283,0.000000,-nan,0.000000,707.424000,22.087179,19.326283,3739229.867000
mlp_moelayer,test1,0.001000,0.001000,0.001000,52.000000,0.000000,52.000000,52.000000,600.961548,300.480774,0.000000,-nan,0.000000,52.000000,600.961548,300.480774,3739229.867000
mlp_moelayer,test1,0.001000,0.001000,0.001000,52.000000,0.000000,52.000000,52.000000,600.961548,300.480774,0.000000,-nan,0.000000,52.000000,600.961548,300.480774,3739229.867000
mlp_moelayer,test1,0.001000,0.001000,0.001000,707.424000,0.000000,707.424000,707.424000,22.087179,19.326283,0.000000,-nan,0.000000,707.424000,22.087179,19.326283,3739229.867000
attention_column,test1,0.001000,0.001000,0.001000,27.580000,0.000000,0.000000,27.580000,566.533691,283.266846,0.000000,-nan,0.000000,0.000000,-nan,0.000000,3739229.867000
attention_row,test1,0.001000,0.001000,0.001000,27.580000,0.000000,0.000000,27.580000,566.533691,283.266846,0.000000,-nan,0.000000,0.000000,inf,0.000000,3739229.867000
mlp_moelayer,test1,0.001000,0.001000,0.001000,3.184000,0.000000,0.000000,3.184000,1.198083,0.599042,0.000000,-nan,0.000000,0.000000,-nan,0.000000,3739229.867000
mlp_moelayer,test1,0.001000,0.001000,0.001000,707.424000,0.000000,707.424000,707.424000,22.087179,19.326283,0.000000,-nan,0.000000,707.424000,22.087179,19.326283,3739229.867000
mlp_moelayer,test1,0.001000,0.001000,0.001000,52.000000,0.000000,52.000000,52.000000,600.961548,300.480774,0.000000,-nan,0.000000,52.000000,600.961548,300.480774,3739229.867000
mlp_moelayer,test1,0.001000,0.001000,0.001000,52.000000,0.000000,52.000000,52.000000,600.961548,300.480774,0.000000,-nan,0.000000,52.000000,600.961548,300.480774,3739229.867000
mlp_moelayer,test1,0.001000,0.001000,0.001000,707.424000,0.000000,707.424000,707.424000,22.087179,19.326283,0.000000,-nan,0.000000,707.424000,22.087179,19.326283,3739229.867000
attention_column,test1,0.001000,0.001000,0.001000,27.580000,0.000000,0.000000,27.580000,566.533691,283.266846,0.000000,-nan,0.000000,0.000000,-nan,0.000000,3739229.867000
attention_row,test1,0.001000,0.001000,0.001000,27.580000,0.000000,0.000000,27.580000,566.533691,283.266846,0.000000,-nan,0.000000,0.000000,inf,0.000000,3739229.867000
mlp_moelayer,test1,0.001000,0.001000,0.001000,3.184000,0.000000,0.000000,3.184000,1.198083,0.599042,0.000000,-nan,0.000000,0.000000,-nan,0.000000,3739229.867000
mlp_moelayer,test1,0.001000,0.001000,0.001000,707.424000,0.000000,707.424000,707.424000,22.087179,19.326283,0.000000,-nan,0.000000,707.424000,22.087179,19.326283,3739229.867000
mlp_moelayer,test1,0.001000,0.001000,0.001000,52.000000,0.000000,52.000000,52.000000,600.961548,300.480774,0.000000,-nan,0.000000,52.000000,600.961548,300.480774,3739229.867000
mlp_moelayer,test1,0.001000,0.001000,0.001000,52.000000,0.000000,52.000000,52.000000,600.961548,300.480774,0.000000,-nan,0.000000,52.000000,600.961548,300.480774,3739229.867000
mlp_moelayer,test1,0.001000,0.001000,0.001000,707.424000,0.000000,707.424000,707.424000,22.087179,19.326283,0.000000,-nan,0.000000,707.424000,22.087179,19.326283,3739229.867000
attention_column,test1,0.001000,0.001000,0.001000,27.580000,0.000000,0.000000,27.580000,566.533691,283.266846,0.000000,-nan,0.000000,0.000000,-nan,0.000000,3739229.867000
attention_row,test1,0.001000,0.001000,0.001000,27.580000,0.000000,0.000000,27.580000,566.533691,283.266846,0.000000,-nan,0.000000,0.000000,inf,0.000000,3739229.867000
mlp_moelayer,test1,0.001000,0.001000,0.001000,3.184000,0.000000,0.000000,3.184000,1.198083,0.599042,0.000000,-nan,0.000000,0.000000,-nan,0.000000,3739229.867000
mlp_moelayer,test1,0.001000,0.001000,0.001000,707.424000,0.000000,707.424000,707.424000,22.087179,19.326283,0.000000,-nan,0.000000,707.424000,22.087179,19.326283,3739229.867000
mlp_moelayer,test1,0.001000,0.001000,0.001000,52.000000,0.000000,52.000000,52.000000,600.961548,300.480774,0.000000,-nan,0.000000,52.000000,600.961548,300.480774,3739229.867000
mlp_moelayer,test1,0.001000,0.001000,0.001000,52.000000,0.000000,52.000000,52.000000,600.961548,300.480774,0.000000,-nan,0.000000,52.000000,600.961548,300.480774,3739229.867000
mlp_moelayer,test1,0.001000,0.001000,0.001000,707.424000,0.000000,707.424000,707.424000,22.087179,19.326283,0.000000,-nan,0.000000,707.424000,22.087179,19.326283,3739229.867000
attention_column,test1,0.001000,0.001000,0.001000,27.580000,0.000000,0.000000,27.580000,566.533691,283.266846,0.000000,-nan,0.000000,0.000000,-nan,0.000000,3739229.867000
attention_row,test1,0.001000,0.001000,0.001000,27.580000,0.000000,0.000000,27.580000,566.533691,283.266846,0.000000,-nan,0.000000,0.000000,inf,0.000000,3739229.867000
mlp_moelayer,test1,0.001000,0.001000,0.001000,3.184000,0.000000,0.000000,3.184000,1.198083,0.599042,0.000000,-nan,0.000000,0.000000,-nan,0.000000,3739229.867000
mlp_moelayer,test1,0.001000,0.001000,0.001000,707.424000,0.000000,707.424000,707.424000,22.087179,19.326283,0.000000,-nan,0.000000,707.424000,22.087179,19.326283,3739229.867000
mlp_moelayer,test1,0.001000,0.001000,0.001000,52.000000,0.000000,52.000000,52.000000,600.961548,300.480774,0.000000,-nan,0.000000,52.000000,600.961548,300.480774,3739229.867000
mlp_moelayer,test1,0.001000,0.001000,0.001000,52.000000,0.000000,52.000000,52.000000,600.961548,300.480774,0.000000,-nan,0.000000,52.000000,600.961548,300.480774,3739229.867000
mlp_moelayer,test1,0.001000,0.001000,0.001000,707.424000,0.000000,707.424000,707.424000,22.087179,19.326283,0.000000,-nan,0.000000,707.424000,22.087179,19.326283,3739229.867000
attention_column,test1,0.001000,0.001000,0.001000,27.580000,0.000000,0.000000,27.580000,566.533691,283.266846,0.000000,-nan,0.000000,0.000000,-nan,0.000000,3739229.867000
attention_row,test1,0.001000,0.001000,0.001000,27.580000,0.000000,0.000000,27.580000,566.533691,283.266846,0.000000,-nan,0.000000,0.000000,inf,0.000000,3739229.867000
mlp_moelayer,test1,0.001000,0.001000,0.001000,3.184000,0.000000,0.000000,3.184000,1.198083,0.599042,0.000000,-nan,0.000000,0.000000,-nan,0.000000,3739229.867000
mlp_moelayer,test1,0.001000,0.001000,0.001000,707.424000,0.000000,707.424000,707.424000,22.087179,19.326283,0.000000,-nan,0.000000,707.424000,22.087179,19.326283,3739229.867000
mlp_moelayer,test1,0.001000,0.001000,0.001000,52.000000,0.000000,52.000000,52.000000,600.961548,300.480774,0.000000,-nan,0.000000,52.000000,600.961548,300.480774,3739229.867000
mlp_moelayer,test1,0.001000,0.001000,0.001000,52.000000,0.000000,52.000000,52.000000,600.961548,300.480774,0.000000,-nan,0.000000,52.000000,600.961548,300.480774,3739229.867000
mlp_moelayer,test1,0.001000,0.001000,0.001000,707.424000,0.000000,707.424000,707.424000,22.087179,19.326283,0.000000,-nan,0.000000,707.424000,22.087179,19.326283,3739229.867000
attention_column,test1,0.001000,0.001000,0.001000,27.580000,0.000000,0.000000,27.580000,566.533691,283.266846,0.000000,-nan,0.000000,0.000000,-nan,0.000000,3739229.867000
attention_row,test1,0.001000,0.001000,0.001000,27.580000,0.000000,0.000000,27.580000,566.533691,283.266846,0.000000,-nan,0.000000,0.000000,inf,0.000000,3739229.867000
mlp_moelayer,test1,0.001000,0.001000,0.001000,3.184000,0.000000,0.000000,3.184000,1.198083,0.599042,0.000000,-nan,0.000000,0.000000,-nan,0.000000,3739229.867000
mlp_moelayer,test1,0.001000,0.001000,0.001000,707.424000,0.000000,707.424000,707.424000,22.087179,19.326283,0.000000,-nan,0.000000,707.424000,22.087179,19.326283,3739229.867000
mlp_moelayer,test1,0.001000,0.001000,0.001000,52.000000,0.000000,52.000000,52.000000,600.961548,300.480774,0.000000,-nan,0.000000,52.000000,600.961548,300.480774,3739229.867000
mlp_moelayer,test1,0.001000,0.001000,0.001000,52.000000,0.000000,52.000000,52.000000,600.961548,300.480774,0.000000,-nan,0.000000,52.000000,600.961548,300.480774,3739229.867000
mlp_moelayer,test1,0.001000,0.001000,0.001000,707.424000,0.000000,707.424000,707.424000,22.087179,19.326283,0.000000,-nan,0.000000,707.424000,22.087179,19.326283,3739229.867000
attention_column,test1,0.001000,0.001000,0.001000,27.580000,0.000000,0.000000,27.580000,566.533691,283.266846,0.000000,-nan,0.000000,0.000000,-nan,0.000000,3739229.867000
attention_row,test1,0.001000,0.001000,0.001000,27.580000,0.000000,0.000000,27.580000,566.533691,283.266846,0.000000,-nan,0.000000,0.000000,inf,0.000000,3739229.867000
mlp_moelayer,test1,0.001000,0.001000,0.001000,3.184000,0.000000,0.000000,3.184000,1.198083,0.599042,0.000000,-nan,0.000000,0.000000,-nan,0.000000,3739229.867000
mlp_moelayer,test1,0.001000,0.001000,0.001000,707.424000,0.000000,707.424000,707.424000,22.087179,19.326283,0.000000,-nan,0.000000,707.424000,22.087179,19.326283,3739229.867000
mlp_moelayer,test1,0.001000,0.001000,0.001000,52.000000,0.000000,52.000000,52.000000,600.961548,300.480774,0.000000,-nan,0.000000,52.000000,600.961548,300.480774,3739229.867000
mlp_moelayer,test1,0.001000,0.001000,0.001000,52.000000,0.000000,52.000000,52.000000,600.961548,300.480774,0.000000,-nan,0.000000,52.000000,600.961548,300.480774,3739229.867000
mlp_moelayer,test1,0.001000,0.001000,0.001000,707.424000,0.000000,707.424000,707.424000,22.087179,19.326283,0.000000,-nan,0.000000,707.424000,22.087179,19.326283,3739229.867000
attention_column,test1,0.001000,0.001000,0.001000,27.580000,0.000000,0.000000,27.580000,566.533691,283.266846,0.000000,-nan,0.000000,0.000000,-nan,0.000000,3739229.867000
attention_row,test1,0.001000,0.001000,0.001000,27.580000,0.000000,0.000000,27.580000,566.533691,283.266846,0.000000,-nan,0.000000,0.000000,inf,0.000000,3739229.867000
mlp_moelayer,test1,0.001000,0.001000,0.001000,3.184000,0.000000,0.000000,3.184000,1.198083,0.599042,0.000000,-nan,0.000000,0.000000,-nan,0.000000,3739229.867000
mlp_moelayer,test1,0.001000,0.001000,0.001000,707.424000,0.000000,707.424000,707.424000,22.087179,19.326283,0.000000,-nan,0.000000,707.424000,22.087179,19.326283,3739229.867000
mlp_moelayer,test1,0.001000,0.001000,0.001000,52.000000,0.000000,52.000000,52.000000,600.961548,300.480774,0.000000,-nan,0.000000,52.000000,600.961548,300.480774,3739229.867000
mlp_moelayer,test1,0.001000,0.001000,0.001000,52.000000,0.000000,52.000000,52.000000,600.961548,300.480774,0.000000,-nan,0.000000,52.000000,600.961548,300.480774,3739229.867000
mlp_moelayer,test1,0.001000,0.001000,0.001000,707.424000,0.000000,707.424000,707.424000,22.087179,19.326283,0.000000,-nan,0.000000,707.424000,22.087179,19.326283,3739229.867000
attention_column,test1,0.001000,0.001000,0.001000,27.580000,0.000000,0.000000,27.580000,566.533691,283.266846,0.000000,-nan,0.000000,0.000000,-nan,0.000000,3739229.867000
attention_row,test1,0.001000,0.001000,0.001000,27.580000,0.000000,0.000000,27.580000,566.533691,283.266846,0.000000,-nan,0.000000,0.000000,inf,0.000000,3739229.867000
mlp_moelayer,test1,0.001000,0.001000,0.001000,3.184000,0.000000,0.000000,3.184000,1.198083,0.599042,0.000000,-nan,0.000000,0.000000,-nan,0.000000,3739229.867000
mlp_moelayer,test1,0.001000,0.001000,0.001000,707.424000,0.000000,707.424000,707.424000,22.087179,19.326283,0.000000,-nan,0.000000,707.424000,22.087179,19.326283,3739229.867000
mlp_moelayer,test1,0.001000,0.001000,0.001000,52.000000,0.000000,52.000000,52.000000,600.961548,300.480774,0.000000,-nan,0.000000,52.000000,600.961548,300.480774,3739229.867000
mlp_moelayer,test1,0.001000,0.001000,0.001000,52.000000,0.000000,52.000000,52.000000,600.961548,300.480774,0.000000,-nan,0.000000,52.000000,600.961548,300.480774,3739229.867000
mlp_moelayer,test1,0.001000,0.001000,0.001000,707.424000,0.000000,707.424000,707.424000,22.087179,19.326283,0.000000,-nan,0.000000,707.424000,22.087179,19.326283,3739229.867000
attention_column,test1,0.001000,0.001000,0.001000,27.580000,0.000000,0.000000,27.580000,566.533691,283.266846,0.000000,-nan,0.000000,0.000000,-nan,0.000000,3739229.867000
attention_row,test1,0.001000,0.001000,0.001000,27.580000,0.000000,0.000000,27.580000,566.533691,283.266846,0.000000,-nan,0.000000,0.000000,inf,0.000000,3739229.867000
mlp_moelayer,test1,0.001000,0.001000,0.001000,3.184000,0.000000,0.000000,3.184000,1.198083,0.599042,0.000000,-nan,0.000000,0.000000,-nan,0.000000,3739229.867000
mlp_moelayer,test1,0.001000,0.001000,0.001000,707.424000,0.000000,707.424000,707.424000,22.087179,19.326283,0.000000,-nan,0.000000,707.424000,22.087179,19.326283,3739229.867000
mlp_moelayer,test1,0.001000,0.001000,0.001000,52.000000,0.000000,52.000000,52.000000,600.961548,300.480774,0.000000,-nan,0.000000,52.000000,600.961548,300.480774,3739229.867000
mlp_moelayer,test1,0.001000,0.001000,0.001000,52.000000,0.000000,52.000000,52.000000,600.961548,300.480774,0.000000,-nan,0.000000,52.000000,600.961548,300.480774,3739229.867000
mlp_moelayer,test1,0.001000,0.001000,0.001000,707.424000,0.000000,707.424000,707.424000,22.087179,19.326283,0.000000,-nan,0.000000,707.424000,22.087179,19.326283,3739229.867000
attention_column,test1,0.001000,0.001000,0.001000,27.580000,0.000000,0.000000,27.580000,566.533691,283.266846,0.000000,-nan,0.000000,0.000000,-nan,0.000000,3739229.867000
attention_row,test1,0.001000,0.001000,0.001000,27.580000,0.000000,0.000000,27.580000,566.533691,283.266846,0.000000,-nan,0.000000,0.000000,inf,0.000000,3739229.867000
mlp_moelayer,test1,0.001000,0.001000,0.001000,3.184000,0.000000,0.000000,3.184000,1.198083,0.599042,0.000000,-nan,0.000000,0.000000,-nan,0.000000,3739229.867000
mlp_moelayer,test1,0.001000,0.001000,0.001000,707.424000,0.000000,707.424000,707.424000,22.087179,19.326283,0.000000,-nan,0.000000,707.424000,22.087179,19.326283,3739229.867000
mlp_moelayer,test1,0.001000,0.001000,0.001000,52.000000,0.000000,52.000000,52.000000,600.961548,300.480774,0.000000,-nan,0.000000,52.000000,600.961548,300.480774,3739229.867000
mlp_moelayer,test1,0.001000,0.001000,0.001000,52.000000,0.000000,52.000000,52.000000,600.961548,300.480774,0.000000,-nan,0.000000,52.000000,600.961548,300.480774,3739229.867000
mlp_moelayer,test1,0.001000,0.001000,0.001000,707.424000,0.000000,707.424000,707.424000,22.087179,19.326283,0.000000,-nan,0.000000,707.424000,22.087179,19.326283,3739229.867000
attention_column,test1,0.001000,0.001000,0.001000,27.580000,0.000000,0.000000,27.580000,566.533691,283.266846,0.000000,-nan,0.000000,0.000000,-nan,0.000000,3739229.867000
attention_row,test1,0.001000,0.001000,0.001000,27.580000,0.000000,0.000000,27.580000,566.533691,283.266846,0.000000,-nan,0.000000,0.000000,inf,0.000000,3739229.867000
mlp_moelayer,test1,0.001000,0.001000,0.001000,3.184000,0.000000,0.000000,3.184000,1.198083,0.599042,0.000000,-nan,0.000000,0.000000,-nan,0.000000,3739229.867000
mlp_moelayer,test1,0.001000,0.001000,0.001000,707.424000,0.000000,707.424000,707.424000,22.087179,19.326283,0.000000,-nan,0.000000,707.424000,22.087179,19.326283,3739229.867000
mlp_moelayer,test1,0.001000,0.001000,0.001000,52.000000,0.000000,52.000000,52.000000,600.961548,300.480774,0.000000,-nan,0.000000,52.000000,600.961548,300.480774,3739229.867000
mlp_moelayer,test1,0.001000,0.001000,0.001000,52.000000,0.000000,52.000000,52.000000,600.961548,300.480774,0.000000,-nan,0.000000,52.000000,600.961548,300.480774,3739229.867000
mlp_moelayer,test1,0.001000,0.001000,0.001000,707.424000,0.000000,707.424000,707.424000,22.087179,19.326283,0.000000,-nan,0.000000,707.424000,22.087179,19.326283,3739229.867000
attention_column,test1,0.001000,0.001000,0.001000,27.580000,0.000000,0.000000,27.580000,566.533691,283.266846,0.000000,-nan,0.000000,0.000000,-nan,0.000000,3739229.867000
attention_row,test1,0.001000,0.001000,0.001000,27.580000,0.000000,0.000000,27.580000,566.533691,283.266846,0.000000,-nan,0.000000,0.000000,inf,0.000000,3739229.867000
mlp_moelayer,test1,0.001000,0.001000,0.001000,3.184000,0.000000,0.000000,3.184000,1.198083,0.599042,0.000000,-nan,0.000000,0.000000,-nan,0.000000,3739229.867000
mlp_moelayer,test1,0.001000,0.001000,0.001000,707.424000,0.000000,707.424000,707.424000,22.087179,19.326283,0.000000,-nan,0.000000,707.424000,22.087179,19.326283,3739229.867000
mlp_moelayer,test1,0.001000,0.001000,0.001000,52.000000,0.000000,52.000000,52.000000,600.961548,300.480774,0.000000,-nan,0.000000,52.000000,600.961548,300.480774,3739229.867000
mlp_moelayer,test1,0.001000,0.001000,0.001000,52.000000,0.000000,52.000000,52.000000,600.961548,300.480774,0.000000,-nan,0.000000,52.000000,600.961548,300.480774,3739229.867000
mlp_moelayer,test1,0.001000,0.001000,0.001000,707.424000,0.000000,707.424000,707.424000,22.087179,19.326283,0.000000,-nan,0.000000,707.424000,22.087179,19.326283,3739229.867000
attention_column,test1,0.001000,0.001000,0.001000,27.580000,0.000000,0.000000,27.580000,566.533691,283.266846,0.000000,-nan,0.000000,0.000000,-nan,0.000000,3739229.867000
attention_row,test1,0.001000,0.001000,0.001000,27.580000,0.000000,0.000000,27.580000,566.533691,283.266846,0.000000,-nan,0.000000,0.000000,inf,0.000000,3739229.867000
mlp_moelayer,test1,0.001000,0.001000,0.001000,3.184000,0.000000,0.000000,3.184000,1.198083,0.599042,0.000000,-nan,0.000000,0.000000,-nan,0.000000,3739229.867000
mlp_moelayer,test1,0.001000,0.001000,0.001000,707.424000,0.000000,707.424000,707.424000,22.087179,19.326283,0.000000,-nan,0.000000,707.424000,22.087179,19.326283,3739229.867000
mlp_moelayer,test1,0.001000,0.001000,0.001000,52.000000,0.000000,52.000000,52.000000,600.961548,300.480774,0.000000,-nan,0.000000,52.000000,600.961548,300.480774,3739229.867000
mlp_moelayer,test1,0.001000,0.001000,0.001000,52.000000,0.000000,52.000000,52.000000,600.961548,300.480774,0.000000,-nan,0.000000,52.000000,600.961548,300.480774,3739229.867000
mlp_moelayer,test1,0.001000,0.001000,0.001000,707.424000,0.000000,707.424000,707.424000,22.087179,19.326283,0.000000,-nan,0.000000,707.424000,22.087179,19.326283,3739229.867000
attention_column,test1,0.001000,0.001000,0.001000,27.580000,0.000000,0.000000,27.580000,566.533691,283.266846,0.000000,-nan,0.000000,0.000000,-nan,0.000000,3739229.867000
attention_row,test1,0.001000,0.001000,0.001000,27.580000,0.000000,0.000000,27.580000,566.533691,283.266846,0.000000,-nan,0.000000,0.000000,inf,0.000000,3739229.867000
mlp_moelayer,test1,0.001000,0.001000,0.001000,3.184000,0.000000,0.000000,3.184000,1.198083,0.599042,0.000000,-nan,0.000000,0.000000,-nan,0.000000,3739229.867000
mlp_moelayer,test1,0.001000,0.001000,0.001000,707.424000,0.000000,707.424000,707.424000,22.087179,19.326283,0.000000,-nan,0.000000,707.424000,22.087179,19.326283,3739229.867000
mlp_moelayer,test1,0.001000,0.001000,0.001000,52.000000,0.000000,52.000000,52.000000,600.961548,300.480774,0.000000,-nan,0.000000,52.000000,600.961548,300.480774,3739229.867000
mlp_moelayer,test1,0.001000,0.001000,0.001000,52.000000,0.000000,52.000000,52.000000,600.961548,300.480774,0.000000,-nan,0.000000,52.000000,600.961548,300.480774,3739229.867000
mlp_moelayer,test1,0.001000,0.001000,0.001000,707.424000,0.000000,707.424000,707.424000,22.087179,19.326283,0.000000,-nan,0.000000,707.424000,22.087179,19.326283,3739229.867000
attention_column,test1,0.001000,0.001000,0.001000,27.580000,0.000000,0.000000,27.580000,566.533691,283.266846,0.000000,-nan,0.000000,0.000000,-nan,0.000000,3739229.867000
attention_row,test1,0.001000,0.001000,0.001000,27.580000,0.000000,0.000000,27.580000,566.533691,283.266846,0.000000,-nan,0.000000,0.000000,inf,0.000000,3739229.867000
mlp_moelayer,test1,0.001000,0.001000,0.001000,3.184000,0.000000,0.000000,3.184000,1.198083,0.599042,0.000000,-nan,0.000000,0.000000,-nan,0.000000,3739229.867000
mlp_moelayer,test1,0.001000,0.001000,0.001000,707.424000,0.000000,707.424000,707.424000,22.087179,19.326283,0.000000,-nan,0.000000,707.424000,22.087179,19.326283,3739229.867000
mlp_moelayer,test1,0.001000,0.001000,0.001000,52.000000,0.000000,52.000000,52.000000,600.961548,300.480774,0.000000,-nan,0.000000,52.000000,600.961548,300.480774,3739229.867000
mlp_moelayer,test1,0.001000,0.001000,0.001000,52.000000,0.000000,52.000000,52.000000,600.961548,300.480774,0.000000,-nan,0.000000,52.000000,600.961548,300.480774,3739229.867000
mlp_moelayer,test1,0.001000,0.001000,0.001000,707.424000,0.000000,707.424000,707.424000,22.087179,19.326283,0.000000,-nan,0.000000,707.424000,22.087179,19.326283,3739229.867000
attention_column,test1,0.001000,0.001000,0.001000,27.580000,0.000000,0.000000,27.580000,566.533691,283.266846,0.000000,-nan,0.000000,0.000000,-nan,0.000000,3739229.867000
attention_row,test1,0.001000,0.001000,0.001000,27.580000,0.000000,0.000000,27.580000,566.533691,283.266846,0.000000,-nan,0.000000,0.000000,inf,0.000000,3739229.867000
mlp_moelayer,test1,0.001000,0.001000,0.001000,3.184000,0.000000,0.000000,3.184000,1.198083,0.599042,0.000000,-nan,0.000000,0.000000,-nan,0.000000,3739229.867000
mlp_moelayer,test1,0.001000,0.001000,0.001000,707.424000,0.000000,707.424000,707.424000,22.087179,19.326283,0.000000,-nan,0.000000,707.424000,22.087179,19.326283,3739229.867000
mlp_moelayer,test1,0.001000,0.001000,0.001000,52.000000,0.000000,52.000000,52.000000,600.961548,300.480774,0.000000,-nan,0.000000,52.000000,600.961548,300.480774,3739229.867000
mlp_moelayer,test1,0.001000,0.001000,0.001000,52.000000,0.000000,52.000000,52.000000,600.961548,300.480774,0.000000,-nan,0.000000,52.000000,600.961548,300.480774,3739229.867000
mlp_moelayer,test1,0.001000,0.001000,0.001000,707.424000,0.000000,707.424000,707.424000,22.087179,19.326283,0.000000,-nan,0.000000,707.424000,22.087179,19.326283,3739229.867000
attention_column,test1,0.001000,0.001000,0.001000,27.580000,0.000000,0.000000,27.580000,566.533691,283.266846,0.000000,-nan,0.000000,0.000000,-nan,0.000000,3739229.867000
attention_row,test1,0.001000,0.001000,0.001000,27.580000,0.000000,0.000000,27.580000,566.533691,283.266846,0.000000,-nan,0.000000,0.000000,inf,0.000000,3739229.867000
mlp_moelayer,test1,0.001000,0.001000,0.001000,3.184000,0.000000,0.000000,3.184000,1.198083,0.599042,0.000000,-nan,0.000000,0.000000,-nan,0.000000,3739229.867000
mlp_moelayer,test1,0.001000,0.001000,0.001000,707.424000,0.000000,707.424000,707.424000,22.087179,19.326283,0.000000,-nan,0.000000,707.424000,22.087179,19.326283,3739229.867000
mlp_moelayer,test1,0.001000,0.001000,0.001000,52.000000,0.000000,52.000000,52.000000,600.961548,300.480774,0.000000,-nan,0.000000,52.000000,600.961548,300.480774,3739229.867000
mlp_moelayer,test1,0.001000,0.001000,0.001000,52.000000,0.000000,52.000000,52.000000,600.961548,300.480774,0.000000,-nan,0.000000,52.000000,600.961548,300.480774,3739229.867000
mlp_moelayer,test1,0.001000,0.001000,0.001000,707.424000,0.000000,707.424000,707.424000,22.087179,19.326283,0.000000,-nan,0.000000,707.424000,22.087179,19.326283,3739229.867000
attention_column,test1,0.001000,0.001000,0.001000,27.580000,0.000000,0.000000,27.580000,566.533691,283.266846,0.000000,-nan,0.000000,0.000000,-nan,0.000000,3739229.867000
attention_row,test1,0.001000,0.001000,0.001000,27.580000,0.000000,0.000000,27.580000,566.533691,283.266846,0.000000,-nan,0.000000,0.000000,inf,0.000000,3739229.867000
mlp_moelayer,test1,0.001000,0.001000,0.001000,3.184000,0.000000,0.000000,3.184000,1.198083,0.599042,0.000000,-nan,0.000000,0.000000,-nan,0.000000,3739229.867000
mlp_moelayer,test1,0.001000,0.001000,0.001000,707.424000,0.000000,707.424000,707.424000,22.087179,19.326283,0.000000,-nan,0.000000,707.424000,22.087179,19.326283,3739229.867000
mlp_moelayer,test1,0.001000,0.001000,0.001000,52.000000,0.000000,52.000000,52.000000,600.961548,300.480774,0.000000,-nan,0.000000,52.000000,600.961548,300.480774,3739229.867000
mlp_moelayer,test1,0.001000,0.001000,0.001000,52.000000,0.000000,52.000000,52.000000,600.961548,300.480774,0.000000,-nan,0.000000,52.000000,600.961548,300.480774,3739229.867000
mlp_moelayer,test1,0.001000,0.001000,0.001000,707.424000,0.000000,707.424000,707.424000,22.087179,19.326283,0.000000,-nan,0.000000,707.424000,22.087179,19.326283,3739229.867000
attention_column,test1,0.001000,0.001000,0.001000,27.580000,0.000000,0.000000,27.580000,566.533691,283.266846,0.000000,-nan,0.000000,0.000000,-nan,0.000000,3739229.867000
attention_row,test1,0.001000,0.001000,0.001000,27.580000,0.000000,0.000000,27.580000,566.533691,283.266846,0.000000,-nan,0.000000,0.000000,inf,0.000000,3739229.867000
mlp_moelayer,test1,0.001000,0.001000,0.001000,3.184000,0.000000,0.000000,3.184000,1.198083,0.599042,0.000000,-nan,0.000000,0.000000,-nan,0.000000,3739229.867000
mlp_moelayer,test1,0.001000,0.001000,0.001000,707.424000,0.000000,707.424000,707.424000,22.087179,19.326283,0.000000,-nan,0.000000,707.424000,22.087179,19.326283,3739229.867000
mlp_moelayer,test1,0.001000,0.001000,0.001000,52.000000,0.000000,52.000000,52.000000,600.961548,300.480774,0.000000,-nan,0.000000,52.000000,600.961548,300.480774,3739229.867000
mlp_moelayer,test1,0.001000,0.001000,0.001000,52.000000,0.000000,52.000000,52.000000,600.961548,300.480774,0.000000,-nan,0.000000,52.000000,600.961548,300.480774,3739229.867000
mlp_moelayer,test1,0.001000,0.001000,0.001000,707.424000,0.000000,707.424000,707.424000,22.087179,19.326283,0.000000,-nan,0.000000,707.424000,22.087179,19.326283,3739229.867000
attention_column,test1,0.001000,0.001000,0.001000,27.580000,0.000000,0.000000,27.580000,566.533691,283.266846,0.000000,-nan,0.000000,0.000000,-nan,0.000000,3739229.867000
attention_row,test1,0.001000,0.001000,0.001000,27.580000,0.000000,0.000000,27.580000,566.533691,283.266846,0.000000,-nan,0.000000,0.000000,inf,0.000000,3739229.867000
mlp_moelayer,test1,0.001000,0.001000,0.001000,3.184000,0.000000,0.000000,3.184000,1.198083,0.599042,0.000000,-nan,0.000000,0.000000,-nan,0.000000,3739229.867000
mlp_moelayer,test1,0.001000,0.001000,0.001000,707.424000,0.000000,707.424000,707.424000,22.087179,19.326283,0.000000,-nan,0.000000,707.424000,22.087179,19.326283,3739229.867000
mlp_moelayer,test1,0.001000,0.001000,0.001000,52.000000,0.000000,52.000000,52.000000,600.961548,300.480774,0.000000,-nan,0.000000,52.000000,600.961548,300.480774,3739229.867000
mlp_moelayer,test1,0.001000,0.001000,0.001000,52.000000,0.000000,52.000000,52.000000,600.961548,300.480774,0.000000,-nan,0.000000,52.000000,600.961548,300.480774,3739229.867000
mlp_moelayer,test1,0.001000,0.001000,0.001000,707.424000,0.000000,707.424000,707.424000,22.087179,19.326283,0.000000,-nan,0.000000,707.424000,22.087179,19.326283,3739229.867000
attention_column,test1,0.001000,0.001000,0.001000,27.580000,0.000000,0.000000,27.580000,566.533691,283.266846,0.000000,-nan,0.000000,0.000000,-nan,0.000000,3739229.867000
attention_row,test1,0.001000,0.001000,0.001000,27.580000,0.000000,0.000000,27.580000,566.533691,283.266846,0.000000,-nan,0.000000,0.000000,inf,0.000000,3739229.867000
mlp_moelayer,test1,0.001000,0.001000,0.001000,3.184000,0.000000,0.000000,3.184000,1.198083,0.599042,0.000000,-nan,0.000000,0.000000,-nan,0.000000,3739229.867000
mlp_moelayer,test1,0.001000,0.001000,0.001000,707.424000,0.000000,707.424000,707.424000,22.087179,19.326283,0.000000,-nan,0.000000,707.424000,22.087179,19.326283,3739229.867000
mlp_moelayer,test1,0.001000,0.001000,0.001000,52.000000,0.000000,52.000000,52.000000,600.961548,300.480774,0.000000,-nan,0.000000,52.000000,600.961548,300.480774,3739229.867000
mlp_moelayer,test1,0.001000,0.001000,0.001000,52.000000,0.000000,52.000000,52.000000,600.961548,300.480774,0.000000,-nan,0.000000,52.000000,600.961548,300.480774,3739229.867000
mlp_moelayer,test1,0.001000,0.001000,0.001000,707.424000,0.000000,707.424000,707.424000,22.087179,19.326283,0.000000,-nan,0.000000,707.424000,22.087179,19.326283,3739229.867000
attention_column,test1,0.001000,0.001000,0.001000,27.580000,0.000000,0.000000,27.580000,566.533691,283.266846,0.000000,-nan,0.000000,0.000000,-nan,0.000000,3739229.867000
attention_row,test1,0.001000,0.001000,0.001000,27.580000,0.000000,0.000000,27.580000,566.533691,283.266846,0.000000,-nan,0.000000,0.000000,inf,0.000000,3739229.867000
mlp_moelayer,test1,0.001000,0.001000,0.001000,3.184000,0.000000,0.000000,3.184000,1.198083,0.599042,0.000000,-nan,0.000000,0.000000,-nan,0.000000,3739229.867000
mlp_moelayer,test1,0.001000,0.001000,0.001000,707.424000,0.000000,707.424000,707.424000,22.087179,19.326283,0.000000,-nan,0.000000,707.424000,22.087179,19.326283,3739229.867000
mlp_moelayer,test1,0.001000,0.001000,0.001000,52.000000,0.000000,52.000000,52.000000,600.961548,300.480774,0.000000,-nan,0.000000,52.000000,600.961548,300.480774,3739229.867000
mlp_moelayer,test1,0.001000,0.001000,0.001000,52.000000,0.000000,52.000000,52.000000,600.961548,300.480774,0.000000,-nan,0.000000,52.000000,600.961548,300.480774,3739229.867000
mlp_moelayer,test1,0.001000,0.001000,0.001000,707.424000,0.000000,707.424000,707.424000,22.087179,19.326283,0.000000,-nan,0.000000,707.424000,22.087179,19.326283,3739229.867000
attention_column,test1,0.001000,0.001000,0.001000,27.580000,0.000000,0.000000,27.580000,566.533691,283.266846,0.000000,-nan,0.000000,0.000000,-nan,0.000000,3739229.867000
attention_row,test1,0.001000,0.001000,0.001000,27.580000,0.000000,0.000000,27.580000,566.533691,283.266846,0.000000,-nan,0.000000,0.000000,inf,0.000000,3739229.867000
mlp_moelayer,test1,0.001000,0.001000,0.001000,3.184000,0.000000,0.000000,3.184000,1.198083,0.599042,0.000000,-nan,0.000000,0.000000,-nan,0.000000,3739229.867000
mlp_moelayer,test1,0.001000,0.001000,0.001000,707.424000,0.000000,707.424000,707.424000,22.087179,19.326283,0.000000,-nan,0.000000,707.424000,22.087179,19.326283,3739229.867000
mlp_moelayer,test1,0.001000,0.001000,0.001000,52.000000,0.000000,52.000000,52.000000,600.961548,300.480774,0.000000,-nan,0.000000,52.000000,600.961548,300.480774,3739229.867000
mlp_moelayer,test1,0.001000,0.001000,0.001000,52.000000,0.000000,52.000000,52.000000,600.961548,300.480774,0.000000,-nan,0.000000,52.000000,600.961548,300.480774,3739229.867000
mlp_moelayer,test1,0.001000,0.001000,0.001000,707.424000,0.000000,707.424000,707.424000,22.087179,19.326283,0.000000,-nan,0.000000,707.424000,22.087179,19.326283,3739229.867000
attention_column,test1,0.001000,0.001000,0.001000,27.580000,0.000000,0.000000,27.580000,566.533691,283.266846,0.000000,-nan,0.000000,0.000000,-nan,0.000000,3739229.867000
attention_row,test1,0.001000,0.001000,0.001000,27.580000,0.000000,0.000000,27.580000,566.533691,283.266846,0.000000,-nan,0.000000,0.000000,inf,0.000000,3739229.867000
mlp_moelayer,test1,0.001000,0.001000,0.001000,3.184000,0.000000,0.000000,3.184000,1.198083,0.599042,0.000000,-nan,0.000000,0.000000,-nan,0.000000,3739229.867000
mlp_moelayer,test1,0.001000,0.001000,0.001000,707.424000,0.000000,707.424000,707.424000,22.087179,19.326283,0.000000,-nan,0.000000,707.424000,22.087179,19.326283,3739229.867000
mlp_moelayer,test1,0.001000,0.001000,0.001000,52.000000,0.000000,52.000000,52.000000,600.961548,300.480774,0.000000,-nan,0.000000,52.000000,600.961548,300.480774,3739229.867000
mlp_moelayer,test1,0.001000,0.001000,0.001000,52.000000,0.000000,52.000000,52.000000,600.961548,300.480774,0.000000,-nan,0.000000,52.000000,600.961548,300.480774,3739229.867000
mlp_moelayer,test1,0.001000,0.001000,0.001000,707.424000,0.000000,707.424000,707.424000,22.087179,19.326283,0.000000,-nan,0.000000,707.424000,22.087179,19.326283,3739229.867000
attention_column,test1,0.001000,0.001000,0.001000,27.580000,0.000000,0.000000,27.580000,566.533691,283.266846,0.000000,-nan,0.000000,0.000000,-nan,0.000000,3739229.867000
attention_row,test1,0.001000,0.001000,0.001000,27.580000,0.000000,0.000000,27.580000,566.533691,283.266846,0.000000,-nan,0.000000,0.000000,inf,0.000000,3739229.867000
mlp_moelayer,test1,0.001000,0.001000,0.001000,3.184000,0.000000,0.000000,3.184000,1.198083,0.599042,0.000000,-nan,0.000000,0.000000,-nan,0.000000,3739229.867000
mlp_moelayer,test1,0.001000,0.001000,0.001000,707.424000,0.000000,707.424000,707.424000,22.087179,19.326283,0.000000,-nan,0.000000,707.424000,22.087179,19.326283,3739229.867000
mlp_moelayer,test1,0.001000,0.001000,0.001000,52.000000,0.000000,52.000000,52.000000,600.961548,300.480774,0.000000,-nan,0.000000,52.000000,600.961548,300.480774,3739229.867000
mlp_moelayer,test1,0.001000,0.001000,0.001000,52.000000,0.000000,52.000000,52.000000,600.961548,300.480774,0.000000,-nan,0.000000,52.000000,600.961548,300.480774,3739229.867000
mlp_moelayer,test1,0.001000,0.001000,0.001000,707.424000,0.000000,707.424000,707.424000,22.087179,19.326283,0.000000,-nan,0.000000,707.424000,22.087179,19.326283,3739229.867000
attention_column,test1,0.001000,0.001000,0.001000,27.580000,0.000000,0.000000,27.580000,566.533691,283.266846,0.000000,-nan,0.000000,0.000000,-nan,0.000000,3739229.867000
attention_row,test1,0.001000,0.001000,0.001000,27.580000,0.000000,0.000000,27.580000,566.533691,283.266846,0.000000,-nan,0.000000,0.000000,inf,0.000000,3739229.867000
mlp_moelayer,test1,0.001000,0.001000,0.001000,3.184000,0.000000,0.000000,3.184000,1.198083,0.599042,0.000000,-nan,0.000000,0.000000,-nan,0.000000,3739229.867000
mlp_moelayer,test1,0.001000,0.001000,0.001000,707.424000,0.000000,707.424000,707.424000,22.087179,19.326283,0.000000,-nan,0.000000,707.424000,22.087179,19.326283,3739229.867000
mlp_moelayer,test1,0.001000,0.001000,0.001000,52.000000,0.000000,52.000000,52.000000,600.961548,300.480774,0.000000,-nan,0.000000,52.000000,600.961548,300.480774,3739229.867000
mlp_moelayer,test1,0.001000,0.001000,0.001000,52.000000,0.000000,52.000000,52.000000,600.961548,300.480774,0.000000,-nan,0.000000,52.000000,600.961548,300.480774,3739229.867000
mlp_moelayer,test1,0.001000,0.001000,0.001000,707.424000,0.000000,707.424000,707.424000,22.087179,19.326283,0.000000,-nan,0.000000,707.424000,22.087179,19.326283,3739229.867000
final_column,test1,0.001000,0.001000,0.001000,27.580000,0.000000,0.000000,27.580000,566.533691,283.266846,0.000000,-nan,0.000000,0.000000,-nan,0.000000,3739229.867000
embedding_norm,test1,0.001000,0.001000,0.001000,769.350000,0.000000,0.000000,769.350000,317.333618,317.333618,0.000000,-nan,0.000000,0.000000,-nan,0.000000,3739229.867000
cross_entropy1,test1,0.000000,0.000000,0.000000,6.268000,0.000000,0.000000,6.268000,1.217198,1.217198,0.000000,-nan,0.000000,0.000000,-nan,0.000000,3739229.867000
cross_entropy2,test1,0.000000,0.000000,0.000000,6.268000,0.000000,0.000000,6.268000,1.217198,1.217198,0.000000,-nan,0.000000,0.000000,-nan,0.000000,3739229.867000
cross_entropy3,test1,0.000000,0.000000,0.000000,6.268000,0.000000,0.000000,6.268000,1.217198,1.217198,0.000000,-nan,0.000000,0.000000,-nan,0.000000,3739229.867000
optimizer1,test1,0.000000,0.000000,0.000000,6.268000,0.000000,0.000000,6.268000,0.608599,0.608599,0.000000,-nan,0.000000,0.000000,-nan,0.000000,3739229.867000
optimizer2,test1,0.000000,0.000000,0.000000,6.268000,0.000000,0.000000,6.268000,0.608599,0.608599,0.000000,-nan,0.000000,0.000000,-nan,0.000000,3739229.867000
optimizer3,test1,0.000000,0.000000,0.000000,6.268000,0.000000,0.000000,6.268000,0.608599,0.608599,0.000000,-nan,0.000000,0.000000,-nan,0.000000,3739229.867000
optimizer4,test1,0.000000,0.000000,0.000000,6.268000,0.000000,0.000000,6.268000,0.608599,0.608599,0.000000,-nan,0.000000,0.000000,-nan,0.000000,3739229.867000
SUM,test1,0.457000,0.457000,0.457000,128566.534000,2568205.859000,97206.272000,128566.534000,NONE,NONE,7972145.159000,NONE,NONE,97206.272000,NONE,NONE
total exposed comm,3739228.496000,total comp,1.371000,total time,3739229.867000
